id,x0,x1,uri
0,8.66383301429,0.59624507094,BM 010 Pneumatik-Hauptventil einschalten mit Taster 'Ein'!
1,2.1595397235,6.21048945376,BM 011 St?rung: Druckluftversorgung fehlt ! Kein Druck am Druckw?chter 1!
2,2.17803122537,9.36781871405,BM 020 Schutzt?re S41 vorne links nicht geschlossen
3,4.61051360676,2.82085765171,BM 103 FE2:  Meister-WT f?r Laserref. in Station einsetzen
4,7.34340369569,5.26711774547,"BM 103 FE2: Typkontrolle 1-polig, Geh?useboden passt nicht zur eingestellten Variante."
5,13.4629311408,1.81754267966,BM 104 FE2: F?llstand Topf 1-polig fehlt!
6,-4.46070865431,-0.597717485917,BM 104 FE2: Schieberstellung T?pfe NC Falsch
7,-5.12558476724,-5.03345179322,BM 105 FE2: Achse M9 RDF Schieber Z-Hub nicht betriebsbereit
8,10.9167520517,2.02403966604,BM 105 FE2: F?llstand Topf Kontakt 1
9,5.87342279547,-5.68289909038,BM 106 FE2: F?llstand Topf Kontakt 2
10,13.076691105,2.96772147627,BM 106 FE2: Stau Minimum Geh?useboden 1-polig fehlt!
11,7.90374686508,2.75693937949,BM 107 FE2: Achse M9 RDF Schieber Z-Hub St?rung Nr. \01 \02
12,12.9445863836,-1.4373257346,BM 107 FE2: Endlage Geh?useboden 1-polig fehlt!
13,7.63927238137,8.03723824762,BM 108 FE2: IO-Kiste befindet sich nicht auf dem F?rderband
14,-8.56735458334,1.04205578166,BM 109 FE2: Minimum Stau fehlt  (20+2-B9)
15,-2.59909924226,-2.11401123324,BM 111  FE2: Falscher Schieber in Endlage
16,-2.72171515033,4.11015808977,BM 111 FE2: Kontakt fehlt in Endlage (20+2-B1)
17,-11.5781062625,-4.78283865911,BM 112 FE2: Kontakt fehlt in Endlage (20+2-B11)
18,7.45082719374,0.485725992945,BM 112 FE2: Schieber NiO -> Schieber entnehmen und Anlage R?ckf?hren
19,2.42012880709,10.1090868467,BM 114 FE2: Schott Einlauf nicht geschlossen
20,-2.27914412662,9.21454864788,BM 115 FE2: Schott Auslauf nicht geschlossen
21,4.18744492115,-5.13741346396,BM 122 FE3: Keine Transportkiste am F?rderband bei iO Auswurf
22,8.21421596223,-4.03098539226,BM 122 FE3: Warte auf Feder im Federnest
23,14.2575898939,1.19388069812,BM 122 FE3: min. F?llstand Topf unterschritten (200+3-B7)
24,10.8237207067,7.45239494617,BM 123 FE3: Keine Transportkiste am F?rderband vor iO Auswurf
25,20.5097862733,7.1313720852,BM 124 FE3: Stau nach FE3 !
26,-6.64116410432,8.96143498608,BM 127 FE3: NiO Kisten leeren und Z?hler-Kisten auf 0 stellen
27,11.417290379,7.92067270625,BM 132 FE11: min. Stau fehlt (200+3-B6)
28,-12.6218407435,4.61800328438,BM 141 FE2: M10 X-Achse ist nicht in Position St?rung
29,-0.958609911896,-9.03154385021,BM 141 FE3: St?rung Deckel mit Vakuumschalter
30,-5.01778372161,14.4614228986,BM 165 FE4: Deckel 1-polig F?llstand Topf fehlt (70+4-B28)
31,-3.19405724848,1.65673664215,BM 166 FE4: Deckel 1-polig Maximum-Stau fehlt (70+4-B26)
32,-1.77861523861,-3.20193515663,BM 167 FE4: Deckel 1-polig Minimum-Stau fehlt (70+4-B25)
33,0.284243390908,-6.16275408259,BM 182 FE5: Vereinzelner Federn 1polig min. Stau !
34,12.9197561729,-4.41567111493,BM 182 FE5: Vereinzelner NC Federn min. Stau !
35,-7.84697117286,7.89931700112,BM 183 FE5: Vereinzelner Federn 1polig Deckel AUF !
36,3.33649210052,-0.571348915716,BM 20 Schutzt?re S41 vorne links nicht geschlossen
37,-10.5885253767,3.15863087769,BM 21 Schutzt?re S42 vorne mitte nicht geschlossen
38,-3.21731700872,0.0740721931549,BM 21 Schutzt?re S42 vorne rechts nicht geschlossen
39,7.99061596273,1.83853275578,BM 22 Schutzt?re S43 vorne rechts nicht geschlossen
40,-5.87039717662,-9.80736740704,BM 300 FE9: Anlauf-Reset aktiv bei WT-Handling !
41,14.2452983685,2.1973067475,BM 34 Warnung Staubsauger f?r Absaugung am Laser
42,-7.64126424817,3.42095814097,BM 342
43,2.89937699906,-12.5053261357,BM 363 FE13 Sort. Schieber: Teil fehlt in Endlage (200+13-B11)
44,-6.01696773608,-5.20503194112,BM 372 FE99: Reinigungsstation Fremdk?rper im WT -> entfernen und quittieren
45,15.1838633971,-0.572821666756,BM 384
46,6.13676946619,-9.00077768193,BM 387 FE99: WT h?ngt am Stopper Wendeeinheit 2?
47,12.6929974359,-1.66503776442,BM 389 FE99: WT h?ngt am Drehstopper Wendeeinheit?
48,12.0829467741,4.33805869333,BM 452 FE99: WT h?ngt am Stopper 1
49,-6.4998138781,6.92852472356,BM 452 FE99: WT h?ngt am Stopper 1  nach FE2
50,7.72288314231,1.34531348727,BM 454 FE99: Stopper 1 Laufzeit ?berschritten
51,-3.93575013521,-4.3566191471,BM 454 FE99: WT unterwegs zu Modul 100
52,2.80544779429,2.96069865994,BM 464 FE99: Stopper 3 Laufzeit ?berschritten
53,-6.42328899106,6.87422947574,BM 464 FE99: Stopper 3 Laufzeit ?berschritten FE 4
54,2.07026954431,-10.5292656081,BM 467 FE99: WT h?ngt am Stopper 4
55,3.02078794225,-5.14526585133,BM 469 FE99: Stopper 4 Laufzeit ?berschritten
56,4.77196769954,-7.07833369712,BM 472 FE99: WT h?ngt am Stopper 5
57,-3.26454893987,12.948333392,BM 472 FE99: WT h?ngt am Stopper 5 R?cklauf 1
58,-6.57095904227,-6.78536647989,BM 474 FE99: Stopper 5 Laufzeit ?berschritten
59,-7.66974882352,-7.02545675354,BM 475 FE99: Stau nach  Drehstation 2
60,9.5203447408,1.82892450327,BM 49 FE1: Datensatz in Typverwaltung passt nicht zu akt. Variante
61,9.16737110713,11.6362980535,BM 490 FE99: WT-h?ngt an Drehstation 2
62,3.03840877053,13.0969253858,BM 62 FE1: WT h?ngt am Vorstopper?
63,11.8392735471,-1.01841221926,BM 65 FE1: WT zu FE1 unterwegs!  WT h?ngt am Vorstopper?
64,6.00170838686,10.7432029656,BM 68 FE1: Achtung  \b3x\b Schlecht !
65,12.0785876309,1.28259112345,BM 69 FE1: Stau nach FE1 !
66,-11.6512390296,-8.88493140758,BM 73 FE1: Meister-WT f?r Laserref. in Station einsetzen
67,-3.66759264937,-3.08344675818,BM 74 Pr?f-WT 1-polig nicht vorhanden
68,-11.4697699804,1.86729781591,BM 77 FE1: Achse M5  Z Heben/Senken nicht betriebsbereit
69,8.27648152469,-3.78227458135,BM 78  Anforderung Meisterteil Fornt 1p
70,-6.88982861006,-10.7370399642,BM 79 FE1: Achse M5 Z Heben/Senken St?rung Nr. \01 \02
71,-1.84185339342,-5.25262855819,BM 82 FE2: Kraftanstieg zu Hoch -> mit Taste Reset quittieren
72,7.63731927507,-10.7624896692,BM 86 FE2: Datensatz in Typverwaltung passt nicht zu akt. Variante
73,16.0146268246,-1.94948179423,BM 94 FE2: Stau nach FE2 !
74,-3.36780454338,3.05062062916,BM 94 FE2: Stau nach Laserstation 2
75,0.651289844901,-1.83200691686,BM 95 FE2: WT zu FE2 unterwegs ! WT h?ngt Vorstopper?
76,6.32870523873,-7.9891311097,BM 96 FE2: Feder nicht vorhanden
77,-0.33218908257,1.86422399091,BM 97 FE2: Am Min. Stau keine Federn vorhanden
78,4.87267177737,12.6916494202,Pneumatik-Hauptventil einschalten mit Taster 'Ein'!
79,10.5650552548,2.81822636269,SM10121 St?rung: FE05: Teil fehlt am Ausgang
80,5.90066739029,-2.84037987616,SM10126 St?rung: FE05: niO-Hub GST fehlt (200+5-B2G)
81,3.4355997374,6.99753746328,SM10127 St?rung: FE05: niO-Hub AST fehlt (200+5-B2A)
82,11.439757656,-2.37996517119,SM10171 St?rung: FE11: niO-Teil nicht gesehen
83,-4.02435423378,-4.65304636675,SM10172 St?rung: FE11: X Entst?rungen ohne Teil am Ausgang
84,0.429982152159,9.33467070278,SM10181 St?rung: FE07: Teil fehlt am Ausgang
85,1.09503719391,12.3124301462,SM10186 St?rung: FE07: niO-Hub GST fehlt (200+7-B2G)
86,-5.7977066788,1.44659748399,SM10187 St?rung: FE07: niO-Hub AST fehlt (200+7-B2A)
87,0.304191032228,-2.37348463149,SM_E 2176: 70+2-B1G: FE2 WT ausheben GST
88,-4.59189957752,-9.56298959322,SM_E 2177: 70+2-B1G: FE2 WT ausheben AST
89,2.8674511361,-2.38842364301,SM_E 2190: 70+2-B11G: FE2 Schieber greifen GST
90,-3.24680398813,-5.75085591764,SM_E 2196: E304.4: 120+3-B4G Kistenstopper 1 GST
91,13.0660394062,3.82130567651,SM_E 3440
92,13.008530096,-0.330909813274,SM_E 3441
93,13.863550783,-1.90413011894,SM_E 3442
94,9.54549041637,3.59577786831,SM_E 3443
95,14.4865554713,1.97363490232,SM_E 3444
96,14.0887256925,4.3215637816,SM_E 3445
97,14.1208728558,-0.629380162835,SM_E 3446
98,15.7335019443,3.08661882336,SM_E 3447
99,14.0581158865,0.901675728495,SM_E 3448
100,15.4021755272,0.505637824702,SM_E 3449
101,13.1782105262,1.69045031617,SM_E 3450
102,15.7762310387,2.56745161489,SM_E 3451
103,12.9134202651,0.449004473538,SM_E 3452
104,12.9996416213,0.448498602522,SM_E 3453
105,13.4510705293,0.594690790837,SM_E 3454
106,15.0883324476,2.79499021613,SM_E 3455
107,14.5006096154,1.99615386736,SM_E 3456
108,12.3387663806,-0.469865933512,SM_E 3457
109,13.2470008356,0.298088510737,SM_E 3458
110,9.7590476055,4.31495038951,SM_E 3459
111,14.3373450297,-0.207907564642,SM_E 3460
112,15.5284703361,1.38117703889,SM_E 3461
113,13.8751994554,-1.7270597031,SM_E 3462
114,14.7395980907,1.28620408892,SM_E 3463
115,13.2100711093,3.18923763115,SM_E 3464
116,12.86542121,1.88708825242,SM_E 3465
117,16.0453611731,1.51011390527,SM_E 3466
118,14.2293989706,0.839504003339,SM_E 3467
119,13.4377347252,1.71869414195,SM_E 3468
120,14.2066000228,0.284087911387,SM_E 3469
121,12.8599383412,0.486402330304,SM_E 3470
122,14.27420605,0.131903916211,SM_E 3471
123,-2.10842381251,2.29532924921,Schl?sselschalter Stellung 'ohne Schutz'! Handfunktion angew?hlt
124,-1.50106703563,6.36865613628,St?rung FE5: Vereinzelner 1polig: NiO Teil fehlt
125,1.40636579559,5.17170771575,St?rung FE5: Vereinzelner NC: NiO Teil fehlt
126,-4.75726492916,0.673454485096,St?rung FE6: Vereinzelner 1polig: Entst?rung
127,-4.10516901936,-10.0790343577,St?rung Laser FE1
128,-9.6608900722,5.13468224327,St?rung Laser FE2
129,8.39038358128,4.22941219844,St?rung: Druckluftversorgung fehlt ! Kein Druck am Druckw?chter 1!
130,12.8300228211,-3.07492259232,St?rung: E  1440
131,14.3325682574,2.80286061246,St?rung: E  1441
132,15.1391123538,-0.643980823395,St?rung: E  1442
133,7.16352169696,4.08591257481,St?rung: E  1443
134,9.35691931332,0.573672130881,St?rung: E  1444
135,12.4125378066,1.60938347089,St?rung: E  1445
136,14.0583712298,-1.12100942792,St?rung: E  1446
137,14.1617754328,1.35533604129,St?rung: E  1447
138,13.2405325688,1.80125743707,St?rung: E  1448
139,13.7950173655,-0.523658382567,St?rung: E  1449
140,13.9372457363,3.05457007649,St?rung: E  1450
141,14.814226025,1.99268264605,St?rung: E  1451
142,12.6043235634,2.78042269701,St?rung: E  1452
143,14.0198645623,-0.897719191553,St?rung: E  1453
144,13.9394759018,-2.21881995042,St?rung: E  1454
145,13.1655070647,2.81000617861,St?rung: E  1455
146,13.4866687043,1.35012456433,St?rung: E  1456
147,10.7932674641,-5.22242193407,St?rung: E  1457
148,11.2599539292,-0.404855704359,St?rung: E  1458
149,14.756360032,1.70399704753,St?rung: E  1459
150,15.379193455,0.744606357518,St?rung: E  1460
151,9.58563368439,-2.61194615234,St?rung: E  1461
152,13.8874775165,3.1021321016,St?rung: E  1462
153,15.1150171274,0.73354557596,St?rung: E  1463
154,10.6558246966,1.1968432355,St?rung: E  1464
155,4.38011673188,-2.37012742682,St?rung: E  1465
156,4.17510077933,8.81682601197,St?rung: E  1466
157,12.407755354,0.518575417322,St?rung: E  1467
158,13.8717913381,2.13890187463,St?rung: E  1468
159,14.3208313154,2.62728383208,St?rung: E  1469
160,11.0456103791,9.36570131961,St?rung: E  1470
161,8.51926899887,0.342217267694,St?rung: E  1471
162,-4.46249319476,2.93330791037,St?rung: E 300.5: 100+1-B5A WT zentrieren AST
163,1.62572236923,11.4631776186,St?rung: E 300.7: 100+1-B6A Niederhalter AST
164,-3.47372889774,-4.28663292752,St?rung: E 303.7: 100+2-B6A Niederhalter AST
165,0.271299488122,-7.14332220807,St?rung: E 400.1: 010+2-B1A Vertikalhub Vereinzelung AST Geh?use 1pol
166,-7.68549754687,8.27933856369,St?rung: E 400.6: 020+2-B3G Teil stoppen GST
167,0.440828367699,11.4162879633,St?rung: E 401.1: 020+2-B4A Horizontalhub Vereinzelung AST
168,11.0238073732,-8.5499430463,St?rung: FE1: Z-Achse M5 1+2 Kontakt
169,-4.23167295514,11.2458074959,http://www.siemens.com/ontology/demonstrator#Event
170,-7.4254782465,-5.96235374876,http://www.siemens.com/ontologies/amberg#M070_Zaehler_ARO
171,6.91890730252,9.38552568902,362
172,10.3271432225,-7.13701546332,http://www.siemens.com/ontologies/amberg#M040
173,-2.40838251663,8.80567618122,http://www.siemens.com/ontology/demonstrator#ProductionEquipment
174,2.39774048962,4.31832530033,http://www.siemens.com/ontologies/amberg#M010_Energie_S-Gesamt
175,-4.64665344884,10.4011195817,http://www.siemens.com/ontology/demonstrator#Measurement
176,6.95095917852,9.41389552134,http://www.siemens.com/ontologies/amberg#M120_Energie_I2
177,-3.31780864534,10.5723965919,http://www.w3.org/2002/07/owl#NamedIndividual
178,-13.547052328,-3.8387062641,http://www.siemens.com/ontologies/amberg#M050_Energie_S-Gesamt
179,-3.31372327518,-0.86506881878,http://www.siemens.com/ontologies/amberg#M200_NIO
180,-1.2469025928,9.87789279961,47
181,-6.88865987079,-1.98406263719,http://www.siemens.com/ontologies/amberg#M200_Zaehler_ARO
182,-5.18489092032,5.95578674524,http://www.siemens.com/ontologies/amberg#M010_FE1
183,-9.46664168424,-0.23551255888,http://www.siemens.com/ontologies/amberg#M010_FE2
184,1.04980411857,0.760724398414,http://www.siemens.com/ontologies/amberg#M010_FE99
185,-4.41788785244,-2.75147257031,http://www.siemens.com/ontologies/amberg#M010_UNK-FE
186,-2.57116673189,8.9805206288,http://www.siemens.com/ontologies/amberg#M020_FE1
187,-2.2375178776,8.91388309336,http://www.siemens.com/ontologies/amberg#M020_FE2
188,5.94309157325,-11.8235510281,http://www.siemens.com/ontologies/amberg#M020_FE99
189,1.4335132921,2.95538785596,http://www.siemens.com/ontologies/amberg#M020_UNK-FE
190,-7.82973615492,-4.87683301381,http://www.siemens.com/ontologies/amberg#M030_FE99
191,-4.98959657682,3.20346101104,http://www.siemens.com/ontologies/amberg#M040_FE3
192,-5.797995815,1.34105216707,http://www.siemens.com/ontologies/amberg#M040_FE5
193,10.9540246203,-8.08400235508,http://www.siemens.com/ontologies/amberg#M050_FE1
194,-0.971985459379,4.33071345728,http://www.siemens.com/ontologies/amberg#M050_FE2
195,2.59409297475,5.4942079636,http://www.siemens.com/ontologies/amberg#M050_FE5
196,3.7446351028,9.66763134116,http://www.siemens.com/ontologies/amberg#M050_FE99
197,-4.38132465667,9.49095539035,http://www.siemens.com/ontologies/amberg#M050_UNK-FE
198,-5.29972058623,5.33935100886,http://www.siemens.com/ontologies/amberg#M070_FE1
199,-3.45757209621,7.38416254028,http://www.siemens.com/ontologies/amberg#M070_FE2
200,3.48497090207,7.5535621431,http://www.siemens.com/ontologies/amberg#M070_FE3
201,-2.7244673381,-2.37497508752,http://www.siemens.com/ontologies/amberg#M070_FE4
202,-12.3126554042,1.71847150143,http://www.siemens.com/ontologies/amberg#M070_FE5
203,-0.853161685969,-6.98048873075,http://www.siemens.com/ontologies/amberg#M070_FE6
204,-1.92692297896,3.98643017458,http://www.siemens.com/ontologies/amberg#M070_FE99
205,-0.274642981047,12.5567970261,http://www.siemens.com/ontologies/amberg#M070_UNK-FE
206,-3.66413034634,8.30713730132,http://www.siemens.com/ontologies/amberg#M090_FE99
207,1.95546214296,11.448836164,http://www.siemens.com/ontologies/amberg#M100_FE1
208,-1.78404232767,9.60148180586,http://www.siemens.com/ontologies/amberg#M100_FE2
209,-5.60647626617,8.44348409184,http://www.siemens.com/ontologies/amberg#M100_FE9
210,0.281219135135,2.2147220537,http://www.siemens.com/ontologies/amberg#M100_UNK-FE
211,10.3581927332,5.75166502704,http://www.siemens.com/ontologies/amberg#M110_FE1
212,-0.0267593170445,-12.8906841552,http://www.siemens.com/ontologies/amberg#M120_FE1
213,-7.26770316075,6.26486339452,http://www.siemens.com/ontologies/amberg#M120_FE2
214,3.152909215,13.182700657,http://www.siemens.com/ontologies/amberg#M120_FE3
215,-4.25753372665,-4.71010108943,http://www.siemens.com/ontologies/amberg#M120_UNK-FE
216,-5.65180211873,-1.76007394772,http://www.siemens.com/ontologies/amberg#M200_FE05
217,-3.98511938508,3.96778360645,http://www.siemens.com/ontologies/amberg#M200_FE07
218,-6.38940424675,5.49436229287,http://www.siemens.com/ontologies/amberg#M200_FE11
219,-3.11296644798,0.369999170389,http://www.siemens.com/ontologies/amberg#M200_FE13
220,-7.25973249926,1.41393640981,http://www.siemens.com/ontologies/amberg#M200_FE3
221,6.78715490986,-4.5130558711,http://www.siemens.com/ontologies/amberg#M200_UNK-FE
222,16.0465574126,-1.25641355588,http://www.siemens.com/ontologies/amberg#Linie_BIT_PEX
223,-4.71899994577,12.5855809007,http://www.siemens.com/ontology/demonstrator#Feature
224,7.74430627873,-6.28907522465,http://www.siemens.com/ontologies/amberg#M100_NIO
225,-1.25300025562,0.257313670538,31
226,-7.80058651729,-7.7487859398,http://www.siemens.com/ontologies/amberg#M120_Energie_U3N
227,-1.88497830004,10.0476890559,http://www.siemens.com/ontologies/amberg#M120
228,-5.27194668939,-12.9402106458,http://www.siemens.com/ontologies/amberg#M020_Taktabweichung
229,-2.89103652504,12.2595748371,http://www.siemens.com/ontologies/amberg#M020_Energie_P-Gesamt
230,5.40555008468,3.8967897595,http://www.siemens.com/ontologies/amberg#M120_Energie_cos_Phi
231,5.4559674051,3.90847461104,http://www.siemens.com/ontologies/amberg#M200_Taktabweichung
232,-10.5215728952,7.50334001405,http://www.siemens.com/ontologies/amberg#M200
233,-3.83314141379,8.26884987311,http://www.siemens.com/ontologies/amberg#M050_FE1_WT
234,1.40893848485,9.30473326243,http://www.siemens.com/ontologies/amberg#M110_Energie_I2
235,10.7817993633,-5.2431353084,http://www.siemens.com/ontologies/amberg#M010_Energie_cos_Phi
236,-2.18275577199,6.77057904808,http://www.siemens.com/ontologies/amberg#M010
237,-1.86791480417,-0.458982634652,http://www.siemens.com/ontologies/amberg#3SU1400-1AA10-3LA0
238,-5.56156040486,-11.9587828808,http://www.siemens.com/ontologies/amberg#NO
239,-10.5835028801,6.51622592482,http://www.siemens.com/ontologies/amberg#M200_Energie_C02
240,-4.88909818222,-3.25897227103,282
241,-1.15608389332,5.93664764442,http://www.siemens.com/ontologies/amberg#M020_TA
242,9.01940938734,7.99855064252,http://www.siemens.com/ontologies/amberg#M050_BIT_PEX
243,-5.99084732896,11.9820474534,http://www.siemens.com/ontologies/amberg#M050_Energie_P-Gesamt
244,-10.3999898711,-5.27628116848,http://www.siemens.com/ontologies/amberg#3SU1400-1AA10-1NA0
245,1.55901517822,-0.410597162543,http://www.siemens.com/ontologies/amberg#SC
246,11.6032890272,3.81711798396,http://www.siemens.com/ontologies/amberg#M010_BIT_ET
247,-3.11599967518,-11.9495045946,303
248,-9.2957781138,3.11596323516,http://www.siemens.com/ontologies/amberg#M110_Zaehler_SET
249,-1.51685091707,11.7280694277,http://www.loa-cnr.it/ontologies/DUL.owl#InformationEntity
250,6.88898768911,7.02257396376,http://www.siemens.com/ontologies/amberg#MDE_Stueckzahlenberechnung
251,-3.97683392376,-0.325064347643,http://www.siemens.com/ontologies/amberg#M050_Energie_cos_Phi
252,4.55100145879,-4.19318424679,http://www.siemens.com/ontologies/amberg#M100_Zaehler_PEX
253,-6.04799974502,-5.77792671769,http://www.siemens.com/ontologies/amberg#M100
254,5.86599715604,10.6789152434,http://www.siemens.com/ontologies/amberg#Funktionspruefung
255,7.70492872343,-0.981917906085,http://www.siemens.com/ontologies/amberg#Ultraschallschweissen
256,7.31768130043,-1.14780640583,http://www.siemens.com/ontologies/amberg#M010_Taktabweichung
257,2.29570392559,4.26959337948,http://www.siemens.com/ontologies/amberg#NOEM
258,1.09019456095,-11.997070172,http://www.siemens.com/ontologies/amberg#3SU1400-1AA10-1GA0
259,-6.01065176904,3.91165732962,http://www.siemens.com/ontologies/amberg#M040_Energie_GesamtLeistung
260,0.652375941574,-13.1483484798,267
261,-9.91872051493,-3.27533363216,http://www.siemens.com/ontologies/amberg#M070_Energie_U1N
262,2.67314997757,11.6192010718,http://www.siemens.com/ontologies/amberg#M200_Energie_S-Gesamt
263,-1.35440753131,-2.21676371851,http://www.siemens.com/ontologies/amberg#Linie_Zaehler_ET
264,-5.56805663558,4.16083794742,http://www.siemens.com/ontologies/amberg#M030_BIT_SET
265,-10.2592171063,3.74618165023,http://www.siemens.com/ontologies/amberg#M030
266,-3.01897653156,3.49702216839,http://www.siemens.com/ontologies/amberg#M200_Energie_I2
267,-12.3492672154,-2.38231854361,333
268,-5.04085455264,11.6832742999,http://www.w3.org/2002/07/owl#Class
269,9.4281888755,-5.93034653282,http://www.siemens.com/ontologies/amberg#M100_TA
270,-0.0771173447188,-2.0050939539,http://www.siemens.com/ontologies/amberg#M020_IO
271,-0.879074778269,4.86126514586,http://www.siemens.com/ontologies/amberg#M020
272,-3.41871441544,-5.84585603185,http://www.siemens.com/ontologies/amberg#M110_IO
273,8.54833478002,-0.971045224341,http://www.siemens.com/ontologies/amberg#M020_Energie_I2
274,-0.865192820829,6.6750259186,http://www.siemens.com/ontologies/amberg#M070_TAKT
275,-3.35002032482,8.61021491078,http://www.siemens.com/ontologies/amberg#M070
276,-11.0333400278,-0.165278512537,http://www.siemens.com/ontology/demonstrator#FinalMaterial
277,-4.08508870297,6.85831982226,http://www.siemens.com/ontologies/amberg#M010_NIO
278,-4.47103744861,-7.61864260798,http://www.siemens.com/ontologies/amberg#M020_OEE
279,1.53763001948,-1.23964059616,http://www.siemens.com/ontologies/amberg#3SU1400-1AA10-1CA0
280,-7.74566487278,-12.2258791929,http://www.siemens.com/ontologies/amberg#M030_Energie_U1N
281,9.90658370918,-4.54740780812,http://www.siemens.com/ontologies/amberg#M070_Energie_C02
282,-13.2580402999,1.35132353292,http://www.siemens.com/ontologies/amberg#Linie
283,-5.51633896775,10.2166823492,http://purl.oclc.org/NET/ssnx/ssn#Device
284,-1.16998028949,-0.840795861271,http://www.siemens.com/ontologies/amberg#M030_Energie_U3N
285,13.3378144458,-5.00929652387,http://www.siemens.com/ontologies/amberg#M120_FE99
286,-4.49672916003,10.5661820546,http://www.siemens.com/ontologies/amberg#ProductionUnit
287,-4.75098950332,1.99390032578,http://www.siemens.com/ontologies/amberg#M040_stk_aktuell
288,-1.05569813245,8.810993874,http://www.siemens.com/ontologies/amberg#Linie_TA
289,-4.31984566392,-9.74181300173,314
290,3.60002876627,5.84257179297,http://www.siemens.com/ontologies/amberg#M020_Zaehler_SET
291,5.38682226604,-1.44019968824,330
292,-0.763276142611,3.46858048047,http://www.siemens.com/ontologies/amberg#M040_Energie_U3N
293,3.09274673896,8.45379932413,http://www.siemens.com/ontologies/amberg#M030_FE2
294,-3.47093601141,-4.24777838493,http://www.siemens.com/ontologies/amberg#M040_Energie_Pneumatik
295,5.26337685597,6.62635436579,116
296,12.9676147598,5.32440267949,http://www.siemens.com/ontologies/amberg#Produktiv_Zeit
297,-6.58153841562,5.04926088881,http://www.siemens.com/ontologies/amberg#M050_Zustand
298,7.60224274131,-3.28077018361,http://www.siemens.com/ontologies/amberg#front
299,7.06710166759,4.08349066179,http://www.siemens.com/ontologies/amberg#3SU1400-1AA10-3RA0
300,6.27709621465,7.74940724221,http://www.siemens.com/ontologies/amberg#Gutteile
301,8.3780298906,-5.18738226898,http://www.siemens.com/ontologies/amberg#M010_Energie_P-Gesamt
302,-0.931481221721,5.59524412188,111
303,-5.11630183972,7.40392733501,http://www.siemens.com/ontologies/amberg#M020_BIT_ET
304,4.46806310593,-8.78950439487,http://www.siemens.com/ontologies/amberg#M110_Zaehler_ST
305,-1.80603018358,-13.3057030443,http://www.siemens.com/ontologies/amberg#3SU1400-2DA43-3AA0
306,-6.59459272014,-4.13060276245,http://www.siemens.com/ontologies/amberg#M120_Zustand
307,-1.12083602656,-8.00949739398,http://www.siemens.com/ontologies/amberg#3SU1400-2AA10-3BA0
308,-8.4042431988,-1.43013903763,http://www.loa-cnr.it/ontologies/DUL.owl#DesignedArtifact
309,-7.4057276158,-4.35296937403,106
310,-5.22489001968,4.22655869152,http://www.siemens.com/ontologies/amberg#M110_Energie_I1
311,-2.1044468937,3.21110316135,http://www.siemens.com/ontologies/amberg#Gold
312,-0.41212570127,-1.12318765386,http://www.siemens.com/ontologies/amberg#M030_Energie_I1
313,4.37214173777,-7.61407282743,http://www.siemens.com/ontologies/amberg#M050_Zaehler_SET
314,7.44314539422,3.27013049992,http://www.siemens.com/ontologies/amberg#M040_Energie_I2
315,-3.8815271731,2.84205662364,http://www.siemens.com/ontologies/amberg#M010_BIT_SET
316,-1.57490662749,0.51169601329,http://www.siemens.com/ontology/demonstrator#Torque
317,1.9380351441,2.32869036358,http://www.siemens.com/ontologies/amberg#M090_TAKT
318,10.6373603992,5.87821380003,http://www.siemens.com/ontologies/amberg#3SU1400-1AA10-1PA0
319,10.7266415644,4.04151596244,http://www.siemens.com/ontologies/amberg#M010_Energie_I2
320,2.01763104586,-6.81818680135,http://www.siemens.com/ontologies/amberg#M020_Energie_C02
321,-7.1584940049,-12.9088356959,http://www.siemens.com/ontology/demonstrator#DetachmentProcess
322,3.86442383986,1.1235153418,http://www.loa-cnr.it/ontologies/DUL.owl#Process
323,-12.5325020115,6.34483736295,http://www.siemens.com/ontologies/amberg#M050_Zaehler_ARO
324,-0.447025405988,-8.37457002901,http://www.siemens.com/ontologies/amberg#M050
325,2.35710696854,5.91593250723,http://www.siemens.com/ontologies/amberg#NC
326,1.47365539061,14.4265693962,http://www.siemens.com/ontologies/amberg#3SU1400-2AA10-3MA0
327,-1.56118591146,4.35307100775,http://www.siemens.com/ontologies/amberg#M110_TAKT
328,-8.93179551402,8.08439010775,http://www.siemens.com/ontologies/amberg#M110
329,-6.2347964996,1.86283398075,http://www.siemens.com/ontologies/amberg#M070_TA
330,0.660475043098,4.70549826014,http://www.siemens.com/ontologies/amberg#M070_BIT_PEX
331,-2.07559408601,-6.59281381452,389
332,7.52130526825,-5.76298398503,http://www.siemens.com/ontologies/amberg#M120_Zaehler_ET
333,-9.17084491377,2.72316000091,http://www.siemens.com/ontologies/amberg#3SU1400-1AA10-3PA0
334,0.19776609529,3.21347915492,http://www.siemens.com/ontologies/amberg#SP
335,-8.4380170175,0.22059940747,http://www.siemens.com/ontologies/amberg#3SU1400-1AA10-3HA0
336,3.33031672679,4.03205714329,http://www.siemens.com/ontologies/amberg#M020_FE1_WT
337,-6.43487460761,0.217835879358,http://www.siemens.com/ontologies/amberg#M040_Taktabweichung
338,2.88244287438,0.173468292186,http://www.siemens.com/ontologies/amberg#3SU1400-1AA10-1HA0
339,9.09220402722,6.77174054729,http://www.siemens.com/ontologies/amberg#M200_Energie_cos_Phi
340,0.168392261561,1.45746282069,http://www.siemens.com/ontologies/amberg#M100_Variante
341,-7.93311286807,7.38657159922,34
342,-11.4268105469,-3.97455966859,http://www.siemens.com/ontology/demonstrator#ConveyingResource
343,2.48746016434,-5.4531466418,http://www.siemens.com/ontology/demonstrator#AuxiliaryResource
344,-1.47993161221,-2.47928943642,http://www.siemens.com/ontologies/amberg#M100_Taktabweichung
345,-2.13104698709,0.416233435851,http://www.siemens.com/ontologies/amberg#M100_Energie_cos_Phi
346,-13.1869656874,1.15616140461,202
347,-5.42145369452,6.69811918809,http://www.siemens.com/ontologies/amberg#base
348,3.95931690219,4.89479167982,http://www.siemens.com/ontologies/amberg#3SU1400-2AA10-1BA0
349,-7.99500529727,-1.51116081387,http://www.siemens.com/ontologies/amberg#M070_OEE
350,2.81814529139,-0.739774726259,http://www.siemens.com/ontologies/amberg#M050_TAKT
351,-7.69604176822,11.9393675179,http://www.siemens.com/ontologies/amberg#M100_FE2_WT
352,8.16887381711,-5.05787608001,http://www.siemens.com/ontologies/amberg#M090_TA
353,-14.5015786372,2.39925059945,http://www.siemens.com/ontologies/amberg#M090
354,6.76231087764,3.35704736037,http://www.siemens.com/ontologies/amberg#M050_Taktabweichung
355,-3.51972615221,0.729991699991,84
356,5.61396290311,0.0242470026758,http://www.siemens.com/ontologies/amberg#M070_Energie_I1
357,-1.88960627852,7.46564752356,http://www.siemens.com/ontologies/amberg#M040_BIT_ST
358,-3.37421487295,-9.80509479046,http://www.siemens.com/ontology/demonstrator#involvedEquipment
359,-10.4092543141,2.97103864283,http://www.w3.org/2002/07/owl#ObjectProperty
360,-4.89261705694,8.80805661223,http://www.siemens.com/ontologies/amberg#M070_BIT_ST
361,5.98369754928,-0.649289826683,http://www.siemens.com/ontologies/amberg#M010_Energie_U2N
362,-4.01767319569,5.55481646589,http://www.siemens.com/ontologies/amberg#3SU1400-1AA10-1QA0
363,-0.139371682643,8.44622969426,http://www.siemens.com/ontologies/amberg#3SU1400-1AA10-3QA0
364,-5.51720573147,8.54518248875,http://www.siemens.com/ontologies/amberg#M030_IO
365,-6.27447402181,3.29296836426,http://www.siemens.com/ontologies/amberg#M040_BIT_SET
366,-3.65224305177,-7.25564311811,http://www.siemens.com/ontologies/amberg#M020_Zaehler_ARO
367,-12.5307913427,0.388647835021,http://www.siemens.com/ontologies/amberg#M070_stk_aktuell
368,-2.99774044765,1.73931852102,288
369,-7.85112431816,10.0267425782,http://www.siemens.com/ontologies/amberg#M200_IO
370,-7.75394163406,11.9421521045,http://www.siemens.com/ontologies/amberg#3SU1400-2DA43-1AA0
371,-4.034499649,9.96720566305,http://www.siemens.com/ontology/demonstrator#Material
372,1.76994193975,4.13783165285,http://www.siemens.com/ontologies/amberg#M010_stk_aktuell
373,1.73932992897,2.67725151029,http://www.siemens.com/ontologies/amberg#M030_BIT_PEX
374,-2.94720584729,-10.6419307051,470
375,9.36621095939,-6.08696795468,http://www.siemens.com/ontologies/amberg#M030_OEE
376,0.252561814498,1.87463297643,http://www.siemens.com/ontologies/amberg#M200_Energie_U1N
377,-0.251742467982,-10.6468761273,http://www.siemens.com/ontologies/amberg#M090_Energie_Q-Gesamt
378,-0.778443027968,11.3541092478,176
379,1.70499050913,-8.26134990869,http://www.siemens.com/ontologies/amberg#M200_BIT_PEX
380,0.456740076502,-4.75228758715,424
381,-5.13828732063,6.9914744487,http://www.siemens.com/ontologies/amberg#M200_BIT_SET
382,-0.127941820134,-4.03387591599,http://www.siemens.com/ontologies/amberg#M090_Energie_C02
383,5.23720051018,8.67966976427,http://www.siemens.com/ontologies/amberg#M100_IO
384,2.88908535743,-7.49216574243,http://www.siemens.com/ontologies/amberg#Linie_Zaehler_SET
385,-8.5275807481,8.85570459297,http://www.siemens.com/ontologies/amberg#M110_Taktabweichung
386,3.09585383789,2.35088541813,http://www.siemens.com/ontology/demonstrator#usedEquipment
387,-4.21449220626,4.1681455436,http://www.siemens.com/ontology/demonstrator#usedParameter
388,10.4869928326,7.68128015526,http://www.siemens.com/ontologies/amberg#3SU1400-2DA50-3AA0
389,0.688514674276,-10.6211146811,http://www.siemens.com/ontology/demonstrator#Jam-Event
390,4.0398429963,2.7188053737,http://www.siemens.com/ontologies/amberg#M070_Zaehler_SET
391,1.02027183728,-11.9539948756,http://www.siemens.com/ontologies/amberg#3SU1400-1AA10-3MA0
392,-9.5166635897,10.3249102042,http://www.siemens.com/ontologies/amberg#M010_Energie_C02
393,13.0434434635,-3.85932974464,http://www.siemens.com/ontologies/amberg#M110_Energie_Q-Gesamt
394,4.38882123098,7.41808066069,http://www.siemens.com/ontology/demonstrator#Station
395,-14.2375279912,2.49689432381,http://www.siemens.com/ontologies/amberg#Linie_Zaehler_WartenAufBediener
396,8.83161357926,6.86689480375,http://www.siemens.com/ontologies/amberg#Co2-Wert
397,-8.92437599696,6.69653344977,http://www.siemens.com/ontologies/amberg#3SU1400-1DA43-3AA0
398,-0.0339447048226,-1.1337260112,http://www.siemens.com/ontologies/amberg#SWM-GR/GE
399,2.44888053667,-5.40146203285,http://www.siemens.com/ontologies/amberg#M120_Zaehler_SET
400,6.7738556607,-9.33213876488,430
401,10.9971256928,2.7623755506,http://www.siemens.com/ontologies/amberg#Linie_Zaehler_TO
402,-3.6722207153,4.3642074793,http://www.siemens.com/ontologies/amberg#M030_FE1
403,-8.59302561022,1.20598184696,http://www.siemens.com/ontologies/amberg#M040_FE1
404,6.22313899083,-4.63343893594,http://www.siemens.com/ontologies/amberg#M020_Energie_cos_Phi
405,-2.6709189456,-3.19925931004,http://www.siemens.com/ontologies/amberg#M100_Zaehler_SET
406,2.09506290628,0.973770316136,http://www.siemens.com/ontologies/amberg#M070_Energie_Pneumatik
407,-6.76569610136,-2.60172065366,117
408,-7.7155883149,11.9122523248,http://www.siemens.com/ontology/demonstrator#Conveyor
409,4.49198934758,5.12840479067,http://www.siemens.com/ontologies/amberg#3SU1400-1AA10-1RA0
410,-4.76411702048,-3.37777927946,http://www.siemens.com/ontology/demonstrator#physicalRelation
411,2.1978406362,-3.24605711501,http://www.siemens.com/ontology/demonstrator#directlyDependsOn
412,1.09635510777,4.66394514118,http://www.siemens.com/ontologies/amberg#3SU1400-1AA10-1LA0
413,3.59222902175,-10.8500172361,http://www.siemens.com/ontology/demonstrator#Pre-AssemblyProcess
414,0.919721372034,-3.33208279114,http://www.siemens.com/ontology/demonstrator#AssemblyProcess
415,9.35937746241,-2.52434535457,http://www.siemens.com/ontologies/amberg#M200_Energie_U3N
416,-2.87937487782,-2.87216978832,http://www.siemens.com/ontologies/amberg#3SU1400-1AA10-3EA0
417,10.9615534483,4.59058316237,http://www.siemens.com/ontologies/amberg#M050_BIT_ARO
418,2.29139599087,-0.531356339272,http://www.siemens.com/ontologies/amberg#M070_Variante
419,-3.39880969578,-8.21734868423,http://www.siemens.com/ontologies/amberg#M050_Energie_I3
420,6.33472544632,3.05448224415,542
421,-9.84954707971,0.649954660383,http://www.siemens.com/ontology/demonstrator#independentOf
422,9.21990740852,-9.62059524023,http://www.siemens.com/ontologies/amberg#M120_Energie_P-Gesamt
423,-3.43768130388,14.0395402158,http://www.siemens.com/ontologies/amberg#3SU1400-2AA10-3CA0
424,-5.21482837451,10.4283403117,http://www.siemens.com/ontologies/amberg#M040_TAKT
425,14.0400589733,4.63874212836,http://www.siemens.com/ontologies/amberg#M030_stk_aktuell
426,5.22957425597,-10.248284952,http://www.siemens.com/ontologies/amberg#M110_Zaehler_ET
427,-7.88292738594,-6.7546927736,http://www.siemens.com/ontologies/amberg#M100_BIT_ST
428,5.61221470377,-5.53373412084,http://www.siemens.com/ontologies/amberg#M010_BIT_ARO
429,4.36955843678,9.28217137644,http://www.siemens.com/ontologies/amberg#M040_Energie_C02
430,-6.43842361962,-3.19904747313,http://www.siemens.com/ontologies/amberg#M070_IO
431,-3.99822398186,0.598300832677,http://www.siemens.com/ontologies/amberg#M120_Zaehler_ST
432,-3.05763862112,6.55057805355,429
433,0.0443702868805,1.75735000273,http://www.siemens.com/ontologies/amberg#M120_FE2_WT
434,0.182713658788,12.5862976407,http://www.siemens.com/ontologies/amberg#M090_FE1
435,2.5074328014,4.04923170423,http://www.siemens.com/ontologies/amberg#M050_stk_aktuell
436,-12.3397657528,3.07189589877,http://www.siemens.com/ontologies/amberg#3SU1400-1AA10-3DA0
437,-3.04618541736,-8.44856309509,http://www.siemens.com/ontologies/amberg#M030_Energie_U2N
438,-1.75697159816,2.79871758478,http://www.siemens.com/ontologies/amberg#M090_Energie_cos_Phi
439,-13.9284568256,-1.57174662256,http://www.siemens.com/ontology/demonstrator#Property
440,6.69938147245,12.4383051204,http://www.siemens.com/ontologies/amberg#M030_Zaehler_PEX
441,5.84495927117,7.3243538138,http://www.siemens.com/ontologies/amberg#3SU1400-1AA10-3BA0
442,-4.12586113168,-1.95589370255,http://www.siemens.com/ontologies/amberg#M040_Takt_Durchschnitt
443,1.27191693926,3.20018912085,http://www.siemens.com/ontologies/amberg#M100_Energie_I1
444,10.4992852007,1.11142343514,http://www.siemens.com/ontologies/amberg#M010_Energie_GesamtLeistung
445,2.81914241705,2.22666362576,http://www.siemens.com/ontologies/amberg#3SU1400-1AA10-1EA0
446,-4.62194985343,-5.59132602498,http://www.siemens.com/ontologies/amberg#M030_Energie_S-Gesamt
447,3.27743845484,5.00702814275,http://www.siemens.com/ontologies/amberg#M100_BIT_ET
448,7.88071255795,10.3060631257,406
449,11.6087101087,6.70496248134,http://www.siemens.com/ontologies/amberg#M070_BIT_SET
450,5.17755815213,6.06989543631,390
451,-5.63561673294,11.162730858,341
452,4.82582363445,-7.13870555701,http://www.siemens.com/ontologies/amberg#M050_BIT_SET
453,5.17040325242,5.92822302391,http://www.siemens.com/ontologies/amberg#Linie_BIT_ST
454,3.80806366182,-5.38245924574,http://www.siemens.com/ontology/demonstrator#Order
455,10.8792651297,-8.30246619053,http://www.siemens.com/ontologies/amberg#Linie_Taktabweichung
456,-8.97983225604,3.21626455179,http://www.siemens.com/ontologies/amberg#M010_Zaehler_ST
457,1.87735768995,-7.85043934088,325
458,3.44276292836,5.51350690712,http://www.siemens.com/ontology/demonstrator#TorqueSensor
459,3.50837819679,-12.4297664337,http://www.siemens.com/ontologies/amberg#3SU1400-2DA10-1AA0
460,5.70072592035,9.01517082952,http://www.siemens.com/ontologies/amberg#M040_Variante_aktuell
461,11.0368679508,-7.50987116512,http://www.siemens.com/ontologies/amberg#Ausschrauben
462,0.536878877134,-5.96376348321,http://www.siemens.com/ontologies/amberg#SP_Schaltstuecke_montieren
463,5.09223585702,-10.3238690947,http://www.siemens.com/ontologies/amberg#M020_stk_aktuell
464,5.01335716154,-0.612549130687,http://www.siemens.com/ontology/demonstrator#MaterialProperty
465,-5.32077005749,5.85366104036,http://www.siemens.com/ontologies/amberg#Freizeiten_TO
466,1.0014558805,7.36310305357,http://www.siemens.com/ontologies/amberg#M110_FE99
467,-10.2178475482,-6.74647405282,4
468,-1.07739742579,-3.37816497107,http://www.siemens.com/ontologies/amberg#M030_FE3
469,4.82360503281,1.91523874349,http://www.siemens.com/ontologies/amberg#M200_Zaehler_ST
470,7.91204277824,3.01623131358,http://www.siemens.com/ontologies/amberg#3SU1400-1AA10-3GA0
471,0.220223331765,5.37054637294,http://www.siemens.com/ontologies/amberg#NCLB
472,-3.51051420779,7.07041311143,http://www.siemens.com/ontologies/amberg#M010_Zaehler_ET
473,-0.540825211569,7.69505010323,http://www.siemens.com/ontologies/amberg#3SU1400-2AA10-3LA0
474,8.16122369302,4.37320018432,http://www.siemens.com/ontologies/amberg#3SU1400-2DA50-1AA0
475,0.454222267531,-7.3214270721,http://www.siemens.com/ontologies/amberg#M200_Zaehler_ET
476,-3.88066488237,0.670299465232,http://www.siemens.com/ontologies/amberg#M090_stk_aktuell
477,-2.3822407257,-6.30155567844,http://www.siemens.com/ontologies/amberg#M010_TAKT
478,-8.16894535303,-2.81326397791,http://www.siemens.com/ontologies/amberg#M110_Energie_S-Gesamt
479,6.60233929432,4.75674634629,http://www.siemens.com/ontologies/amberg#3SU1400-1AA10-1FA0
480,-12.3919410856,2.51618838205,http://www.siemens.com/ontologies/amberg#M070_Energie_cos_Phi
481,-4.65983756312,1.963800419,http://www.siemens.com/ontologies/amberg#M020_Variante
482,-3.09121585201,4.24483596371,http://www.siemens.com/ontologies/amberg#Vormontage_schieber_M2
483,5.62370460337,5.12343338187,http://www.siemens.com/ontologies/amberg#M090_Energie_S-Gesamt
484,-10.6314371457,2.06906868272,http://www.siemens.com/ontologies/amberg#3SU1400-1AA10-3NA0
485,0.392551900321,-6.69439157756,http://www.siemens.com/ontologies/amberg#M010_Energie_I3
486,-12.8986393281,-6.40643735814,http://www.siemens.com/ontologies/amberg#M070_Zaehler_ET
487,-1.52750137296,0.609297269619,http://www.siemens.com/ontologies/amberg#M040_Energie_cos_Phi
488,-11.1908545963,2.97840142571,http://www.siemens.com/ontologies/amberg#M030_BIT_ARO
489,-5.23454289078,3.67498103387,http://www.siemens.com/ontologies/amberg#M040_Zaehler_SET
490,-1.8547850013,-5.32617160811,http://www.siemens.com/ontologies/amberg#M200_Zustand
491,4.23374376799,-8.55493366987,http://www.siemens.com/ontology/demonstrator#QualityTestProcess
492,-0.00926674600927,8.90908277373,http://www.siemens.com/ontologies/amberg#M100_BIT_PEX
493,-10.2544010609,3.70190435372,http://www.siemens.com/ontologies/amberg#3SU1400-1AA10-3CA0
494,-7.57217195136,-3.2986145667,http://www.siemens.com/ontologies/amberg#M200_Energie_GesamtLeistung
495,5.59487540545,5.21517759276,http://www.siemens.com/ontologies/amberg#M040_Energie_I1
496,-2.94866685457,5.38004136024,126
497,-12.4601159965,6.25768866961,http://www.siemens.com/ontologies/amberg#M040_BIT_PEX
498,4.68217121303,7.50680055943,http://www.siemens.com/ontologies/amberg#M020_Energie_U2N
499,-6.07361849197,-8.81236830854,http://www.siemens.com/ontologies/amberg#M030_Energie_Pneumatik
500,-5.44696196256,-2.56522596402,454
501,3.09965056863,-7.22215848974,http://www.siemens.com/ontologies/amberg#OEE-Linie
502,2.09984165143,1.5350737387,http://www.siemens.com/ontologies/amberg#3SU1400-2AA10-1CA0
503,10.11340921,-1.20142588963,http://www.siemens.com/ontologies/amberg#M030_Zustand
504,0.771969818604,-8.42934731918,http://www.siemens.com/ontologies/amberg#3SU1400-1DA43-1AA0
505,-0.104373265692,10.027928864,http://www.siemens.com/ontologies/amberg#M090_BIT_PEX
506,-5.28069354805,3.54858004498,246
507,4.43570979018,0.371562464576,http://www.siemens.com/ontologies/amberg#M010_Energie_Pneumatik
508,9.44713617157,2.58654343753,http://www.siemens.com/ontologies/amberg#M030_Energie_I3
509,-12.7704871421,-6.39130429557,523
510,-4.45187997492,1.27779752537,http://www.siemens.com/ontologies/amberg#M040_Zaehler_ARO
511,-8.53979046639,4.69932532131,http://www.siemens.com/ontologies/amberg#M050_Energie_U3N
512,5.11164812342,2.82920296321,http://www.siemens.com/ontologies/amberg#3SU1400-2AA10-1MA0
513,-0.893461509768,8.18699019431,http://www.siemens.com/ontologies/amberg#M110_OEE
514,12.0368482151,-5.53662284517,http://www.siemens.com/ontologies/amberg#M024_Energie_I3
515,-8.2656827004,-3.12648380839,http://www.siemens.com/ontologies/amberg#M020_Zustand
516,-2.90921525598,-4.06151850402,403
517,7.26147807942,-6.13407624986,http://www.siemens.com/ontologies/amberg#M010_Zustand
518,-5.2479802452,-13.7290381038,http://www.siemens.com/ontologies/amberg#Schieber_und_Deckel_montieren
519,3.79893567488,-0.0297965912376,http://www.siemens.com/ontologies/amberg#M070_Energie_U3N
520,-12.3086236082,-1.18326973141,http://www.siemens.com/ontologies/amberg#3SU1400-1DA10-3AA0
521,0.577410310097,-8.98672149715,http://www.siemens.com/ontologies/amberg#Linie_Zaehler_PEX
522,-5.73937743649,-11.8608350758,307
523,-1.00824324478,5.37161352998,http://www.siemens.com/ontologies/amberg#M090_BIT_ET
524,1.03317887319,4.2463221285,57
525,6.50995237688,4.82560892435,http://www.siemens.com/ontologies/amberg#M120_BIT_SET
526,2.22083685799,5.97907246411,http://www.siemens.com/ontologies/amberg#hasSkill
527,-12.4514567183,-2.47163935397,http://www.siemens.com/ontology/demonstrator#SignalLamp
528,-4.3423931213,-5.81365898994,http://www.siemens.com/ontologies/amberg#M100_Zustand
529,8.52743018483,-7.36638207843,http://www.siemens.com/ontologies/amberg#M030_Zaehler_ST
530,-1.42827605967,-5.45585679113,http://www.siemens.com/ontology/demonstrator#Clock
531,-7.93240463824,5.70817075224,http://purl.oclc.org/NET/ssnx/ssn#Sensor
532,-12.6139178853,0.426783384058,http://www.siemens.com/ontologies/amberg#M110_TA
533,-3.25184156157,-2.00137690104,346
534,0.268798675589,-6.30432830832,http://www.siemens.com/ontologies/amberg#M090_Zaehler_PEX
535,2.71260561468,-11.4204681821,http://www.siemens.com/ontologies/amberg#M090_Energie_I1
536,2.66397397443,-8.78412440014,http://www.siemens.com/ontologies/amberg#M040_BIT_ET
537,-3.36888007282,3.24856735013,http://www.siemens.com/ontologies/amberg#M010_Energie_I1
538,8.07577607221,-4.55280325892,130
539,-6.19043365558,-6.14931086589,113
540,6.5382654431,2.09032859414,http://www.siemens.com/ontologies/amberg#M010_Zaehler_ARO
541,-10.6108610901,7.60216809193,http://www.siemens.com/ontologies/amberg#M120_Energie_Pneumatik
542,0.704377308651,7.6273602434,121
543,-0.518011243607,-2.34908664229,http://www.siemens.com/ontologies/amberg#M050_Zaehler_ET
544,-9.75941090965,-6.10663514795,http://www.siemens.com/ontologies/amberg#M110_FE2
545,8.38648695212,1.9453467517,http://www.siemens.com/ontology/demonstrator#Line
546,-11.9062963908,-0.364915348893,http://www.siemens.com/ontologies/amberg#M030_Energie_Q-Gesamt
547,-9.68998548087,-0.239402799724,http://www.siemens.com/ontologies/amberg#M010_Toggle-Bit
548,-8.9758353963,6.57691658603,10
549,0.199036150887,-1.36753987638,http://www.siemens.com/ontologies/amberg#M020_Energie_Pneumatik
550,5.52572528121,-6.76918460433,http://www.siemens.com/ontologies/amberg#M110_Energie_Pneumatik
551,8.9068561262,7.97525407816,http://www.siemens.com/ontologies/amberg#M040_Energie_P-Gesamt
552,-6.73347852007,-10.5326343234,483
553,1.57045258451,4.33545514736,http://www.siemens.com/ontologies/amberg#M110_Zaehler_PEX
554,-0.946045508365,4.35339449289,375
555,7.21713822615,-0.061026397063,http://www.siemens.com/ontologies/amberg#M100_Zaehler_ET
556,0.709301159678,4.28508070879,http://www.siemens.com/ontologies/amberg#M070_Energie_U2N
557,1.1610561648,-5.01123371938,125
558,2.62990074282,0.694268799418,http://www.siemens.com/ontologies/amberg#3SU1400-1DA10-1AA0
559,1.67825992397,-3.61471479094,http://www.siemens.com/ontologies/amberg#M110_FE2_WT
560,-0.779669104342,5.56006336052,http://www.siemens.com/ontologies/amberg#M100_Energie_P-Gesamt
561,-6.27243688527,-0.028385960728,http://www.siemens.com/ontologies/amberg#M030_Energie_I2
562,4.39253621658,2.84540324462,http://www.siemens.com/ontologies/amberg#M030_TAKT
563,-11.4772266157,2.94034331864,http://www.siemens.com/ontologies/amberg#M020_FE3
564,-8.51344062201,-8.31518806648,http://www.siemens.com/ontologies/amberg#M030_TA
565,10.5190081932,-3.13350421295,http://www.siemens.com/ontologies/amberg#M040_FE1_WT
566,-3.83482180468,-1.25632195191,http://www.siemens.com/ontologies/amberg#M070_Zustand
567,4.61159206478,-0.284939187863,http://www.siemens.com/ontologies/amberg#M040_Energie_U1N
568,4.383566634,-7.58794802699,http://www.siemens.com/ontologies/amberg#Linie_BIT_ARO
569,-7.95029059653,9.98346958209,http://www.siemens.com/ontologies/amberg#M110_Energie_cos_Phi
570,5.42590707079,-1.67481913853,http://www.siemens.com/ontologies/amberg#M100_FE1_WT
571,0.0854967565979,-3.64276449833,http://www.siemens.com/ontologies/amberg#M090_Energie_U2N
572,-6.57169945022,8.93163268474,http://www.siemens.com/ontologies/amberg#M010_Zaehler_SET
573,4.79150394173,5.52964733331,http://www.siemens.com/ontologies/amberg#M100_Energie_U3N
574,-11.8137885676,5.76343790955,http://www.siemens.com/ontologies/amberg#M030_BIT_ET
575,-7.01718411311,0.712042160223,469
576,-9.74918012854,-3.08893367065,http://www.siemens.com/ontologies/amberg#M120_TAKT
577,1.84705802444,-5.91908272129,http://www.siemens.com/ontologies/amberg#Takt_Plan
578,-2.91520574715,0.794428557247,http://www.siemens.com/ontologies/amberg#SWM-SW
579,-10.3338509924,-3.30562421695,http://www.siemens.com/ontologies/amberg#M030_FE1_WT
580,-0.146529568472,0.799468329326,26
581,9.95004295763,0.821004346168,http://www.siemens.com/ontologies/amberg#M020_BIT_ST
582,7.71174550371,1.39043794841,344
583,3.89377675911,9.66114618406,55
584,4.30435872648,9.04228285311,59
585,4.51232135808,3.40299671086,http://www.siemens.com/ontologies/amberg#Linie_Takt
586,7.99204242041,-4.93140322632,70
587,-3.7894849552,-7.2667586473,465
588,-1.13841752409,0.453141613004,http://www.siemens.com/ontologies/amberg#M200_BIT_ARO
589,-5.40613248079,-3.98397912435,141
590,3.75052919886,-12.3689688312,http://www.siemens.com/ontologies/amberg#MaterialSupplyPot
591,5.00752088841,-3.25898830848,http://www.siemens.com/ontologies/amberg#M040_Energie_I3
592,-7.4423028129,-0.207890600211,http://www.siemens.com/ontologies/amberg#M100_stk_aktuell
593,7.39280969686,-3.2062344707,http://www.siemens.com/ontologies/amberg#M110_BIT_ET
594,9.18092628022,5.15057138078,http://www.siemens.com/ontologies/amberg#M020_Energie_Q-Gesamt
595,-3.77378940207,2.0536314209,468
596,5.98945644363,7.24068837201,http://www.siemens.com/ontologies/amberg#M200_Energie_Q-Gesamt
597,-8.70652568183,1.16072193744,http://www.siemens.com/ontologies/amberg#M010_Energie_U3N
598,-1.7090266958,-7.29917319448,http://www.siemens.com/ontologies/amberg#M030_Zaehler_SET
599,9.15833734306,-1.66522575237,http://www.siemens.com/ontologies/amberg#M030_BIT_ST
600,-7.99378310949,3.80728293199,http://www.siemens.com/ontologies/amberg#M100_Energie_C02
601,1.40682166623,-4.81267087899,http://www.siemens.com/ontologies/amberg#M110_stk_aktuell
602,0.461990286779,-13.177051207,http://www.siemens.com/ontologies/amberg#3SU1400-2AA10-1LA0
603,-12.2842507108,-2.61094764084,42
604,-5.68076938283,4.9855355833,http://www.siemens.com/ontologies/amberg#M030_Zaehler_ARO
605,11.4000582768,8.59303135812,463
606,-4.28467362943,-2.91742428437,http://www.siemens.com/ontologies/amberg#M200_BIT_ST
607,13.0112858845,5.86855930539,5
608,1.74475209522,-9.28864876622,http://www.siemens.com/ontology/demonstrator#PowerMeter
609,-5.73146120873,-1.80725410646,329
610,5.02953306535,-8.92754620019,http://www.siemens.com/ontologies/amberg#Vormontage_schieber_M1
611,7.93487393198,-7.68117669224,http://www.siemens.com/ontologies/amberg#M040_TA
612,4.45770815018,-3.86964252986,http://www.siemens.com/ontologies/amberg#M010_FE3
613,-4.46942824332,1.55073055294,http://www.siemens.com/ontologies/amberg#M120_Energie_S-Gesamt
614,-4.26875919403,-2.01872287741,http://www.siemens.com/ontologies/amberg#MC
615,1.66066009425,-0.784283709916,http://www.siemens.com/ontologies/amberg#M090_BIT_ST
616,-0.187318402573,0.511644687658,146
617,-10.7828604985,-1.50137543761,http://www.siemens.com/ontologies/amberg#M040_Energie_S-Gesamt
618,7.10835076882,-4.48706991102,http://www.siemens.com/ontologies/amberg#M100_Energie_I2
619,-9.94616095582,-4.55352077251,http://www.siemens.com/ontologies/amberg#M070_FE1_WT
620,-10.568818036,8.54516253725,396
621,-4.3903130151,-9.92604283921,219
622,0.137758691014,1.37050002706,http://www.siemens.com/ontologies/amberg#M090_Energie_P-Gesamt
623,-2.5294987292,-1.00337532777,http://www.siemens.com/ontology/demonstrator#LevelSensor
624,-3.86043221127,7.88024090453,http://www.siemens.com/ontologies/amberg#3SU1400-1AA10-1DA0
625,3.2122197367,5.28609085952,http://www.siemens.com/ontologies/amberg#Linie_BIT_SET
626,3.92482400099,3.03509760989,319
627,-2.93760758536,12.0889383183,http://www.siemens.com/ontologies/amberg#M020_Zaehler_PEX
628,-8.53963716726,-4.97868785658,http://www.siemens.com/ontologies/amberg#M040_BIT_ARO
629,0.00838891189867,10.7700647717,http://www.siemens.com/ontology/demonstrator#MaterialConsumption
630,1.845673018,4.11379959961,http://www.siemens.com/ontologies/amberg#M100_TAKT
631,10.7036690177,4.31207981588,60
632,3.76173575334,-1.55422492475,http://www.siemens.com/ontologies/amberg#M120_Variante
633,-2.82302632452,-10.1892613875,http://www.siemens.com/ontologies/amberg#M070_Energie_GesamtLeistung
634,-11.2312157952,4.33190177536,http://www.siemens.com/ontologies/amberg#M070_FE2_WT
635,3.15938824306,-9.0931085602,http://www.siemens.com/ontologies/amberg#M120_Energie_Q-Gesamt
636,5.34716161263,0.64877865984,http://www.siemens.com/ontologies/amberg#M010_IO
637,-10.3938160284,-5.32195435531,http://www.siemens.com/ontologies/amberg#M040_Zaehler_ET
638,4.90900884358,-3.31837668109,423
639,-13.539946128,-3.39430026191,http://www.siemens.com/ontologies/amberg#M100_Energie_S-Gesamt
640,-6.39268013615,7.95992970675,http://www.siemens.com/ontologies/amberg#M090_Zaehler_ST
641,6.94054261982,0.192940680203,http://www.siemens.com/ontologies/amberg#M110_Energie_GesamtLeistung
642,3.14195208379,-2.56763138977,270
643,-0.663489076784,-11.1021517356,http://www.siemens.com/ontologies/amberg#M070_Zaehler_PEX
644,7.04952432795,0.218243656348,http://www.siemens.com/ontologies/amberg#M030_Taktabweichung
645,-5.18574859051,-6.69106595762,http://www.siemens.com/ontologies/amberg#Linie_Zustand
646,-0.230719703315,2.62432948969,http://www.siemens.com/ontologies/amberg#M120_BIT_ARO
647,6.0405336384,1.66272844877,http://www.siemens.com/ontologies/amberg#Schraubschaltstuecke_montieren
648,-1.64840461438,-3.41581363754,http://www.siemens.com/ontologies/amberg#M050_TA
649,3.97344774292,-2.21060789365,http://www.siemens.com/ontologies/amberg#M040_IO
650,-9.27447785932,-1.02935861956,12
651,4.51225569051,7.66231445055,408
652,-1.70671906097,-13.1981532717,http://www.siemens.com/ontologies/amberg#M070_FE3_WT
653,-7.92704309334,6.10934487579,http://www.siemens.com/ontologies/amberg#M110_Energie_C02
654,-1.35612898223,-8.63402274388,http://www.siemens.com/ontologies/amberg#Feder_und_Schieberzufhrung
655,-4.96619217624,-0.611119658314,http://www.siemens.com/ontologies/amberg#M050_Energie_U2N
656,-6.09343418561,11.6913067846,http://www.siemens.com/ontologies/amberg#M050_OEE
657,6.07607452127,0.74785561031,http://www.siemens.com/ontologies/amberg#Linie_BIT_ET
658,12.9450544275,5.78355828465,318
659,-3.10969945928,-2.12289781324,http://www.siemens.com/ontologies/amberg#M090_Energie_Pneumatik
660,-2.07899165249,-1.35883699686,http://www.siemens.com/ontologies/amberg#SWM-BL
661,-12.2783668579,1.47982819737,http://www.w3.org/2002/07/owl#SymmetricProperty
662,4.60676057376,-4.66915608731,http://www.siemens.com/ontologies/amberg#M010_Energie_Q-Gesamt
663,7.80799446304,-0.0938106248364,http://www.siemens.com/ontologies/amberg#M110_Energie_U1N
664,1.29644244714,-3.75214728574,http://www.siemens.com/ontologies/amberg#M070_Energie_Q-Gesamt
665,-7.9640976263,-7.37967543931,224
666,9.30661603058,6.55275795656,http://www.siemens.com/ontologies/amberg#M200_Energie_I1
667,4.0657959432,-0.99642334509,http://www.siemens.com/ontologies/amberg#M200_Variante
668,-8.76859607638,0.867631493918,274
669,-9.10586356724,-3.20572893542,http://www.siemens.com/ontologies/amberg#M010_Variante
670,-6.13230139619,-9.45282762035,1
671,7.65507772503,-10.8551124299,305
672,-10.7511048435,1.69325273369,http://www.siemens.com/ontologies/amberg#3SU1400-1DA50-3AA0
673,-4.69754648367,-12.7118795286,http://www.siemens.com/ontologies/amberg#M040_Zustand
674,-4.29536629875,-4.62821332661,http://www.siemens.com/ontologies/amberg#M100_BIT_ARO
675,-0.495182301219,-8.51176651806,http://www.siemens.com/ontology/demonstrator#MaterialSupplyProcess
676,0.419116390253,-13.5563555478,75
677,10.287513289,3.25505867147,http://www.siemens.com/ontologies/amberg#M090_Zaehler_ARO
678,5.38323639683,9.73601560902,http://www.siemens.com/ontologies/amberg#M020_Energie_S-Gesamt
679,5.77900938069,-2.9335499208,http://www.siemens.com/ontologies/amberg#M030_Variante
680,-7.15992821545,-0.317292224766,http://www.siemens.com/ontologies/amberg#M120_IO
681,11.8797865274,6.17766091145,http://www.siemens.com/ontologies/amberg#M050_Variante
682,-0.453257254756,-9.87020153236,507
683,3.03515042861,-1.13734998515,http://www.siemens.com/ontologies/amberg#M110_Zustand
684,2.95812766821,-6.39146769277,368
685,-6.05635543582,-7.61116703786,http://www.siemens.com/ontologies/amberg#M100_OEE
686,7.17619131863,3.48261538085,29
687,-1.825720879,13.6572066183,http://purl.oclc.org/NET/ssnx/ssn#SensingDevice
688,1.1403305732,-9.4229869333,http://www.siemens.com/ontologies/amberg#M020_Energie_GesamtLeistung
689,-8.37029849917,-0.941187411351,332
690,4.24629800135,-1.15163843013,http://www.siemens.com/ontologies/amberg#M020_Energie_U3N
691,1.73077321811,3.63320134589,http://www.siemens.com/ontologies/amberg#M120_Energie_GesamtLeistung
692,-4.16486025187,5.62994057436,http://www.siemens.com/ontologies/amberg#M020_Zaehler_ET
693,-3.4005071701,-8.93775054086,353
694,9.45209916904,-2.37596120695,http://www.siemens.com/ontologies/amberg#M050_Energie_C02
695,0.928099319425,-6.8855981271,501
696,-9.47206378426,10.3582151345,http://www.siemens.com/ontologies/amberg#M200_Energie_Pneumatik
697,-10.5710996074,0.267678563334,145
698,6.14619796015,0.855459602283,http://www.siemens.com/ontologies/amberg#M110_BIT_PEX
699,-7.40680608789,-3.05730182842,419
700,-4.06602284428,-6.09740122976,http://www.siemens.com/ontologies/amberg#M090_Zaehler_SET
701,-8.83313783047,-4.20919878869,http://www.siemens.com/ontologies/amberg#M010_Energie_U1N
702,-5.14562820925,-13.9469343369,http://www.siemens.com/ontologies/amberg#3SU1400-1AA10-1BA0
703,13.0096763478,-4.76153775003,http://www.siemens.com/ontologies/amberg#M020_Energie_I1
704,-6.97143533012,-0.561697876964,http://www.siemens.com/ontologies/amberg#M110_Energie_P-Gesamt
705,-4.90815378157,-3.51781061841,http://www.siemens.com/ontologies/amberg#M020_BIT_SET
706,-6.11633934585,-9.40563554138,304
707,-0.822401023112,-3.15745303322,http://www.siemens.com/ontologies/amberg#M100_BIT_SET
708,-5.45941440268,6.66144975747,402
709,9.46046614945,8.8373550293,http://www.siemens.com/ontologies/amberg#M110_BIT_ARO
710,7.83701179178,-6.26500411589,420
711,-2.59165974507,5.51154917363,http://www.siemens.com/ontologies/amberg#M050_Energie_I1
712,-5.52360541266,-8.13356748925,http://www.siemens.com/ontologies/amberg#M010_Zaehler_PEX
713,9.16330509265,11.653974313,323
714,-2.05637249783,-7.38808667994,http://www.siemens.com/ontologies/amberg#3SU1400-1AA10-3FA0
715,-12.3523597388,-6.57127188921,321
716,-1.76486391437,8.07510777399,http://www.siemens.com/ontologies/amberg#M110_Energie_U3N
717,7.83862517883,10.3189226373,http://www.siemens.com/ontologies/amberg#M030_Energie_P-Gesamt
718,-4.39884622581,-5.91240834734,http://www.siemens.com/ontologies/amberg#M200_Zaehler_SET
719,-1.72161537266,8.52202586737,http://www.siemens.com/ontologies/amberg#M050_Energie_I2
720,-10.4706409,2.38203853828,239
721,-1.42123882553,-8.04129622811,http://www.siemens.com/ontologies/amberg#M090_OEE
722,8.14164395726,6.7134304215,http://www.siemens.com/ontologies/amberg#M050_Energie_Pneumatik
723,10.8526173192,-2.61086070708,99
724,5.91722068576,1.74755163405,http://www.siemens.com/ontologies/amberg#M100_FE99
725,-1.77854750152,-7.27938577378,http://www.siemens.com/ontologies/amberg#M050_Zaehler_PEX
726,2.82487124661,-1.66946527884,13
727,-11.982355481,-0.177870597026,http://www.siemens.com/ontologies/amberg#M040_FE99
728,-11.5631647351,-1.8410303707,21
729,7.38717889252,-1.14055219122,http://www.siemens.com/ontologies/amberg#3SU1400-2DA10-3AA0
730,6.19697206166,-1.04825455273,421
731,4.87504750203,-5.12168908365,http://www.siemens.com/ontologies/amberg#M100_Energie_Q-Gesamt
732,4.55797126402,3.2244638411,http://www.siemens.com/ontologies/amberg#Linie_GesamtLeistung
733,-0.0748305714083,-4.56148138734,http://www.siemens.com/ontologies/amberg#Gehaeuseboden_zufuehren
734,1.90544151232,-6.83700685373,http://www.siemens.com/ontologies/amberg#M070_Zaehler_ST
735,2.53430990363,7.65554699384,http://www.siemens.com/ontologies/amberg#M200_OEE
736,3.07029362994,-10.0092643777,http://www.siemens.com/ontologies/amberg#M100_Energie_Pneumatik
737,-7.47752469077,3.36725079395,http://www.siemens.com/ontology/demonstrator#ProcessProperty
738,9.17772598015,-5.54504311081,215
739,-5.13104827707,5.45237623448,http://www.siemens.com/ontologies/amberg#M110_BIT_SET
740,4.828009731,-3.69503423535,http://www.siemens.com/ontologies/amberg#M070_Energie_S-Gesamt
741,5.39860623269,9.75602917803,294
742,-6.72484613073,-10.5161944801,http://www.siemens.com/ontologies/amberg#3SU1400-1AA10-1MA0
743,-5.68982806822,-3.97676658409,428
744,3.35929096098,7.13098169208,471
745,0.761066860438,5.76371426882,367
746,3.18281074146,13.1551644776,543
747,3.29539057629,2.0568177197,http://www.siemens.com/ontologies/amberg#M120_Energie_C02
748,6.01460860999,-11.9998808622,http://www.loa-cnr.it/ontologies/DUL.owl#hasPart
749,-2.6380637841,4.27894711752,http://www.w3.org/2002/07/owl#TransitiveProperty
750,0.520393467065,6.17899647831,http://www.siemens.com/ontology/demonstrator#Axis-Event
751,-2.00586287441,7.50732588991,http://www.siemens.com/ontologies/amberg#M070_BIT_ARO
752,1.98856802138,7.16500964964,354
753,5.75446793801,7.8062354436,http://www.siemens.com/ontologies/amberg#M200_Energie_P-Gesamt
754,1.69228069097,-8.36632848444,313
755,10.4771876638,-1.28501794491,124
756,2.7287551359,-10.2028320444,http://www.siemens.com/ontologies/amberg#M040_Energie_Q-Gesamt
757,7.22734528641,-9.23343439162,136
758,5.91130668581,7.91527157991,http://www.siemens.com/ontologies/amberg#M200_TA
759,-6.55628126937,7.29311071805,348
760,2.13065734133,9.98624935207,http://www.siemens.com/ontologies/amberg#Laserbeschrifen
761,-11.4411742151,-2.82079034069,http://www.siemens.com/ontologies/amberg#Taktzeitenumrechnung_250ms
762,-5.99087238042,-5.45104492984,http://www.siemens.com/ontologies/amberg#M120_stk_aktuell
763,-3.80489624035,10.4771230007,412
764,-13.5026283614,-4.08378051262,http://www.siemens.com/ontologies/amberg#M120_TA
765,-7.92882907397,6.16561742051,284
766,-10.1476233721,-6.52911799449,491
767,-12.437591255,2.70398403232,http://www.siemens.com/ontologies/amberg#M050_IO
768,-5.15150397648,-6.86739992842,301
769,-8.53806005271,2.34413003148,http://www.siemens.com/ontology/demonstrator#Voltage
770,-7.9563113083,9.97852193951,143
771,-7.60631671939,-9.35478145965,http://www.siemens.com/ontologies/amberg#M100_Energie_U2N
772,-0.446697706118,-11.138766875,http://www.siemens.com/ontology/demonstrator#Temperature
773,1.34458472372,-10.6748282768,23
774,-0.815117985109,6.67173714085,http://www.siemens.com/ontologies/amberg#M090_IO
775,1.27838904283,11.2364434617,122
776,-6.68151699032,-1.10043678373,http://www.siemens.com/ontologies/amberg#Linie_elektr.Leistung
777,4.46989781313,1.30964683818,104
778,5.74093862553,-5.91007225017,394
779,9.42292604788,2.39430592994,107
780,-7.86785066508,-2.03787581967,http://www.siemens.com/ontology/demonstrator#Material-Event
781,6.1359750024,10.8030604234,http://www.siemens.com/ontologies/amberg#Linie_Zaehler_ST
782,7.14363046879,-3.14722563445,299
783,13.1190800474,-3.74583260024,http://www.siemens.com/ontologies/amberg#M090_Energie_GesamtLeistung
784,-5.94214610191,-0.0122691093251,http://www.siemens.com/ontologies/amberg#M090_Zustand
785,-0.340549095741,-12.3219540661,http://www.loa-cnr.it/ontologies/DUL.owl#follows
786,2.60829785707,8.21904407692,http://www.siemens.com/ontologies/amberg#M100_Zaehler_ARO
787,0.583552105848,11.9941436339,http://www.siemens.com/ontologies/amberg#M010_OEE
788,0.388439063175,9.26542531897,http://www.siemens.com/ontologies/amberg#M110_FE1_WT
789,-4.40860296737,11.8401416003,http://www.siemens.com/ontologies/amberg#M200_stk_aktuell
790,4.03501233218,-7.3276373572,http://www.siemens.com/ontologies/amberg#M020_Energie_I3
791,-0.366079082694,-9.90089562052,119
792,-4.72162036548,-0.0645175623316,http://www.siemens.com/ontologies/amberg#M020_Zaehler_ST
793,-7.58062223217,-4.72365134471,http://www.siemens.com/ontologies/amberg#M020_BIT_ARO
794,-7.0333011102,1.18795078846,44
795,-0.645258477511,-0.274615324614,http://www.siemens.com/ontology/demonstrator#ExcludedFeature
796,-0.844059217493,-4.9003947659,90
797,9.63798861564,-4.91376976346,http://www.siemens.com/ontologies/amberg#M040_OEE
798,-0.0694138405242,8.77881857634,http://www.siemens.com/ontologies/amberg#Linie_Zaehler_ARO
799,-6.83102672419,10.2520464853,http://www.siemens.com/ontologies/amberg#M050_Energie_U1N
800,4.99905613888,-10.3675981355,481
801,0.69686041765,-0.681226560603,32
802,-0.613245542543,-1.09408752111,http://www.siemens.com/ontologies/amberg#M030_Zaehler_ET
803,15.984552558,3.48072192989,http://www.siemens.com/ontology/demonstrator#Time
804,-7.2312526121,4.82520698776,http://www.siemens.com/ontologies/amberg#EDE_elektr_Leistung
805,3.79198126548,3.43336557754,58
806,-1.10090968655,0.659889053381,129
807,-1.9479338085,-11.7402133745,http://www.siemens.com/ontologies/amberg#M200_Zaehler_PEX
808,6.17266183034,6.14061247022,http://www.siemens.com/ontologies/amberg#M090_Zaehler_ET
809,2.48021156151,-3.26860964723,http://www.siemens.com/ontologies/amberg#M120_BIT_ST
810,-3.87330016866,-7.08784236941,http://www.siemens.com/ontologies/amberg#M010_BIT_PEX
811,4.51115395167,-4.95905645655,http://www.siemens.com/ontologies/amberg#M050_BIT_ET
812,-1.19823687385,-2.07951275565,298
813,4.92407070702,2.01895209302,http://www.siemens.com/ontologies/amberg#M120_NIO
814,2.84519591398,-4.23306378088,http://www.siemens.com/ontologies/amberg#M030_Energie_GesamtLeistung
815,-2.6646230097,10.0983541965,http://www.siemens.com/ontologies/amberg#M120_Energie_I1
816,12.0110671902,0.712587540029,http://www.siemens.com/ontologies/amberg#M110_BIT_ST
817,9.49687165969,-1.87918099183,482
818,-1.2338396322,-9.78038307219,http://www.siemens.com/ontologies/amberg#M120_Taktabweichung
819,3.21195887564,-3.01374731629,100
820,8.37273110003,10.0839723498,260
821,-1.17137806385,-4.85855760573,http://www.siemens.com/ontologies/amberg#M100_Zaehler_ST
822,4.14088138927,-3.10991575289,http://www.siemens.com/ontologies/amberg#M120_BIT_ET
823,-10.0048927595,-6.10621213425,http://www.siemens.com/ontologies/amberg#M120_NIO_aktuell
824,-10.3893966772,8.62292725003,http://www.siemens.com/ontologies/amberg#3SU1400-1DA50-1AA0
825,-5.30220753017,-4.68382431564,25
826,-9.01101580987,-3.84028372294,36
827,2.01852696778,-1.77823074438,211
828,-13.8602103842,-0.990088865363,http://www.siemens.com/ontologies/amberg#M050_BIT_ST
829,11.0455991259,9.27072438491,http://www.siemens.com/ontologies/amberg#M030_Energie_C02
830,-1.43033476571,-6.7282965505,http://www.siemens.com/ontologies/amberg#M120_FE1_WT
831,1.48882911119,14.090129215,51
832,1.79770376738,-1.53564314941,http://www.siemens.com/ontologies/amberg#M110_Variante
833,11.5608708661,-3.6233876197,http://www.siemens.com/ontologies/amberg#M050_Energie_Q-Gesamt
834,1.48053774207,0.882227675407,http://www.siemens.com/ontologies/amberg#M200_Energie_U2N
835,6.81806830504,-9.27692849442,245
836,-1.86611640513,0.801875951104,http://www.siemens.com/ontologies/amberg#M050_Zaehler_ST
837,8.03705622788,6.06978332999,132
838,-6.99951501128,2.94173477937,http://www.siemens.com/ontologies/amberg#M090_Energie_U3N
839,-5.26265934332,2.45570430087,357
840,-3.37095837905,13.738431336,http://www.siemens.com/ontologies/amberg#M120_BIT_PEX
841,-3.91650626446,-12.870009948,191
842,-1.67342226403,-4.11494772914,http://www.siemens.com/ontologies/amberg#M090_BIT_SET
843,-1.54550608562,-9.45063343531,109
844,-4.61851097679,-1.60784675724,166
845,1.59348859487,-3.41232980581,http://www.siemens.com/ontologies/amberg#M070_Energie_I2
846,2.27471641235,-8.21465765544,http://www.siemens.com/ontology/demonstrator#Identification
847,-6.13076893599,-7.69557814354,http://www.siemens.com/ontologies/amberg#M120_Energie_U2N
848,-5.42266660632,-2.53657182515,http://www.siemens.com/ontologies/amberg#M120_Zaehler_ARO
849,-5.70857534918,3.43821881082,516
850,0.475728168634,-3.54814738425,http://www.siemens.com/ontology/demonstrator#TemperatureSensor
851,-9.2800008078,4.93791950947,http://www.siemens.com/ontologies/amberg#M010_FE1_WT
852,-1.55064904414,11.4526123055,http://www.siemens.com/ontologies/amberg#Arbeitszeit_aktuell_sec
853,8.97267310155,3.64232610244,46
854,-8.06031436687,7.49084684818,240
855,-2.62721793787,-3.83171525353,http://www.siemens.com/ontologies/amberg#M100_Energie_U1N
856,0.692197171393,6.16850190373,372
857,2.79415805909,11.5554615558,521
858,5.4712465745,-2.54344929278,220
859,7.53025706126,-0.13521041279,182
860,2.5131553488,-0.0538221155622,204
861,-3.7824620915,8.41678480944,http://www.siemens.com/ontology/demonstrator#MaterialLot
862,1.3690284292,-5.53163775414,251
863,-4.05440348047,6.68591513223,http://www.siemens.com/ontologies/amberg#M070_Taktabweichung
864,6.87521048734,6.78556449798,http://www.siemens.com/ontologies/amberg#M090_BIT_ARO
865,-0.418929568688,-4.37418782208,61
866,4.84319799358,12.6524906747,278
867,1.41251849242,6.39162135905,306
868,5.06174589059,-4.44407923515,461
869,-0.348153077865,12.9549507421,http://www.siemens.com/ontology/demonstrator#dependsOn
870,5.62702335778,9.0413319656,273
871,-8.07470213216,2.14041073737,http://www.siemens.com/ontologies/amberg#M020_Energie_U1N
872,3.55963605697,6.86048804751,464
873,0.409445070881,4.2676933467,http://www.siemens.com/ontologies/amberg#M200_BIT_ET
874,6.1807948719,-7.87521883228,455
875,-3.1291675894,-11.9827361254,http://www.siemens.com/ontologies/amberg#M050_Energie_GesamtLeistung
876,-1.59807800526,1.32839371476,30
877,10.3403478664,-7.08425914457,22
878,1.20917035933,8.11602414852,397
879,-0.0357071410201,-7.62277591626,http://www.siemens.com/ontology/demonstrator#FinishingProcess
880,-2.33927533687,-0.767418960645,52
881,-0.948913632286,13.6275051753,http://www.siemens.com/ontology/demonstrator#Motor
882,-3.66234396854,3.57022072362,524
883,-13.9368728053,-0.304639922401,http://www.siemens.com/ontology/demonstrator#Response
884,6.79821366208,6.84868344435,http://www.siemens.com/ontologies/amberg#M010_TA
885,-7.68772747269,-1.96081741761,37
886,6.82664932225,-1.95454547835,407
887,2.42502389155,-1.26946613108,http://www.siemens.com/ontology/demonstrator#calculatedBasedOn
888,6.76238058559,7.07042867364,115
889,-3.72156097165,-3.11667298965,http://www.siemens.com/ontologies/amberg#M110_Energie_U2N
890,5.95210390267,-7.80029980592,545
891,6.52472580462,-9.10266464189,338
892,-12.7988362413,4.68314082795,168
893,2.39931861402,-7.74131533385,509
894,10.5696174383,1.07156180005,513
895,-0.724928763761,8.03035262972,http://www.siemens.com/ontologies/amberg#Linie_Pneumatik_Gesamt
896,-1.17661543052,5.1502541864,382
897,-10.6024748283,-3.52151288915,http://www.siemens.com/ontologies/amberg#M090_Variante
898,4.0022901721,1.02565670298,276
899,7.86915247621,8.18572982056,http://www.siemens.com/ontology/demonstrator#physicallySeparated
900,2.11014674529,-10.5550336697,398
901,-0.859236874868,-5.46308824118,http://www.siemens.com/ontologies/amberg#M090_Taktabweichung
902,-2.05114405748,-4.0158279354,201
903,1.6778370977,-3.95931109734,http://www.siemens.com/ontology/demonstrator#ConveyingProcess
904,-8.38272617445,-0.898007809684,http://www.siemens.com/ontology/demonstrator#Distance
905,3.95340616947,-12.2743347795,456
906,4.49427097928,-1.80042943936,472
907,-11.2935852929,6.22101909799,http://www.siemens.com/ontologies/amberg#M030_Energie_cos_Phi
908,-5.48256053509,-8.27695842767,http://www.siemens.com/ontology/demonstrator#LightBarrier
909,1.92760650947,9.88218986361,http://www.siemens.com/ontology/demonstrator#IdentificationSensor
910,-0.633427899868,1.61097984122,527
911,-11.4741658426,1.4262784482,33
912,-9.66907846053,9.9938838409,48
913,10.4734759108,-7.23196285582,480
914,12.2952997926,-5.38977173108,http://www.siemens.com/ontology/demonstrator#Container
915,0.437372571259,-13.454670713,103
916,-0.800944575091,11.7962597589,http://www.siemens.com/ontologies/amberg#M040_Zaehler_PEX
917,2.42973206643,-6.59187183635,http://www.siemens.com/ontologies/amberg#M090_FE1_WT
918,-6.14856558576,11.5055676979,http://www.siemens.com/ontologies/amberg#M040_Zaehler_ST
919,10.0138162103,-4.03588775421,http://www.siemens.com/ontologies/amberg#M200_TAKT
920,-8.26723979508,5.17081994845,358
921,5.57188939756,4.1156656904,86
922,-12.4121058727,-0.613001558036,98
923,-0.524667506949,3.13888462998,40
924,-7.61666004377,-9.27804922396,http://www.siemens.com/ontologies/amberg#M020_BIT_PEX
925,-0.366772788579,-2.45497763906,342
926,8.06372904383,8.16523692563,518
927,3.57566723451,11.0049118411,371
928,-3.73600876843,14.2729867931,http://www.siemens.com/ontologies/amberg#M040_Energie_U2N
929,2.59996269862,8.21810486731,498
930,-6.18915302042,-2.4973146592,89
931,-11.620159946,5.56428383678,268
932,3.68653894498,-3.02557995,14
933,0.0829136738539,10.229674044,http://www.siemens.com/ontologies/amberg#M070_BIT_ET
934,-10.5803008557,6.96062207426,http://www.siemens.com/ontologies/amberg#M090_Energie_U1N
935,6.11007035376,-3.91431786299,http://www.siemens.com/ontologies/amberg#M070_Energie_P-Gesamt
936,3.52189522105,0.907020853654,152
937,3.58371535693,-9.36336814054,425
938,6.10491894017,-6.01527038399,356
939,-6.31851274094,2.05066352541,148
940,-9.88487991562,-0.187028653379,http://www.siemens.com/ontologies/amberg#M010_BIT_ST
941,-12.5561359032,4.65693625835,http://www.siemens.com/ontologies/amberg#Skripttest2
942,-9.61085809866,2.10954780347,262
943,-2.92075047269,5.31393402808,225
944,3.06890392137,4.28510149629,326
945,-7.02419163759,1.05983081076,511
946,5.93576692991,1.64135855852,187
947,12.5607923588,-5.07393933537,283
948,9.92428737119,-0.599971085028,161
949,3.20903793058,2.81613797662,http://www.siemens.com/ontologies/amberg#M090_Energie_I2
950,-9.0762785471,-5.37328302176,63
951,11.9617100886,6.00009125192,93
952,-9.57562343522,3.77230070064,http://www.siemens.com/ontologies/amberg#M090_NIO
953,11.3953245206,2.69886048325,522
954,6.37427379123,2.92884353153,78
955,-1.68136341603,8.30469846339,http://www.siemens.com/ontologies/amberg#isPartOf
956,11.2352312339,-2.42787187149,http://www.siemens.com/ontology/demonstrator#isMadeOf
957,-1.42845904676,-0.838556888232,290
958,-2.9463898902,-2.33495980776,364
959,0.404142008409,1.99286437326,50
960,-0.22036279161,12.895388098,85
961,8.47664144381,-2.62788569313,275
962,-9.5384464349,-9.28655716588,87
963,0.0664705930086,7.01637418349,147
964,10.4156395559,-1.1057753266,28
965,4.82362432229,-8.77415960751,http://www.siemens.com/ontologies/amberg#M010_NIO_aktuell
966,-5.59042896402,-0.0372397643539,91
967,5.56541303931,-7.64707398102,http://www.siemens.com/ontology/demonstrator#MandatoryFeature
968,-3.88954111778,11.7477454653,http://www.siemens.com/ontologies/amberg#MaterialOutputPot
969,-0.0315509410598,-2.455922651,459
970,-11.3850469893,-4.48484732343,311
971,-4.10158792204,-12.9462704411,328
972,-11.8485852045,5.26552947361,337
973,6.4788285185,10.6710211731,466
974,-9.42086762874,5.02841175296,24
975,-3.91142012607,10.929310888,200
976,-8.53983592395,8.88309522612,http://www.siemens.com/ontologies/amberg#M120_Energie_U1N
977,9.19975218087,-1.69626367411,226
978,7.24074471276,-2.42792393953,436
979,6.63656604587,12.4784938299,404
980,0.584263868388,-10.8316009361,96
981,8.34904050545,10.1202213639,266
982,0.670095872552,-1.11453636743,231
983,5.9970038829,-11.9643749105,399
984,-9.83752475584,0.928248155122,331
985,7.42667758124,-9.14604507237,401
986,-3.67042018222,-0.980417719539,http://www.siemens.com/ontologies/amberg#M100_Energie_GesamtLeistung
987,1.05653565422,-11.7642410978,281
988,-4.47276354077,13.9420134744,172
989,9.81086737368,0.39565308219,http://www.w3.org/2002/07/owl#topObjectProperty
990,-2.33965710106,-6.36477553249,77
991,10.3959443677,4.34381629361,291
992,1.53547292754,0.866659986646,88
993,10.7290945565,5.86215254265,374
994,-9.7230405687,-7.64994745652,520
995,10.8868684821,-7.53738786486,http://www.siemens.com/ontology/demonstrator#Anomaly
996,-5.31886946821,-12.3396550863,http://www.siemens.com/ontologies/amberg#M020_TAKT
997,2.61244846824,-3.78418594991,207
998,8.11081490697,5.52274976409,538
999,5.15136362401,-1.28282870788,510
1000,-7.79941334073,-2.11948287192,56
1001,5.98698533289,-6.02365299895,11
1002,9.13554573239,-9.58419801443,76
1003,-1.76016300876,5.03734062529,27
1004,8.08099538459,5.66549042423,49
1005,4.37407343359,1.89369500276,163
1006,0.203163352798,10.7814016818,272
1007,-4.68731972901,-8.90420551954,184
1008,-5.53869843897,8.55558362039,160
1009,-5.83846585372,-4.0100336619,227
1010,0.957243968849,12.145619029,http://www.siemens.com/ontologies/amberg#M120_Zaehler_PEX
1011,-7.35157306457,4.83563309677,199
1012,4.32068564002,11.9269269114,180
1013,-8.73688714416,-5.18802163201,20
1014,-12.7950988066,-3.08671745692,388
1015,-6.52540470649,4.70283201145,94
1016,5.35122199665,-1.68063917147,473
1017,-0.17340310972,-0.899316669195,363
1018,-8.6083415963,4.66138538407,432
1019,5.19502070936,-6.40154678609,128
1020,-1.97408173839,3.09294920179,529
1021,8.47632234481,3.33847321188,410
1022,4.27289046533,3.56463366624,242
1023,3.66676650184,-4.1520219903,92
1024,0.89472013349,-10.7954982928,417
1025,-7.83921102053,6.86628197009,http://www.siemens.com/ontologies/amberg
1026,-2.60048463545,10.0148194883,http://www.w3.org/2002/07/owl#Ontology
1027,8.27088817101,4.28803066208,433
1028,-10.4419123853,-3.49214161124,http://www.siemens.com/ontology/demonstrator#WeldingProcess
1029,-12.1047438878,3.42948784958,378
1030,-4.19313663479,5.64577132628,355
1031,-6.98097625842,2.83118990655,427
1032,1.45356881926,0.157521293919,53
1033,-6.63596367412,8.05981982152,165
1034,6.69242650679,12.4827384457,16
1035,8.78301190241,0.24976705284,327
1036,8.81470921289,6.82583317558,435
1037,10.4758929786,-3.14782316534,241
1038,-1.42994790831,9.75243598849,181
1039,-2.83196494992,6.3474487749,336
1040,-6.09007665005,-11.6502320382,322
1041,4.14129028526,0.883010036797,235
1042,3.45696055352,11.2999720203,156
1043,-6.62782150591,2.76830039551,285
1044,4.22036118983,8.50641599929,255
1045,-3.09376884858,-10.6357033912,359
1046,-2.82020638349,1.84990462805,512
1047,12.4414203158,-1.85584456535,41
1048,3.70955587025,10.7148342531,261
1049,1.25759111593,-2.2311938999,118
1050,-5.6974835389,-1.32850206824,365
1051,-11.0209330162,5.20261530666,366
1052,-3.15979118433,-4.12418597627,495
1053,-10.3712836894,5.87586048658,222
1054,-3.55269158189,1.3650012892,206
1055,-2.03678059648,7.69735590948,221
1056,-7.95523354028,-6.53203209327,114
1057,3.21571806485,1.67998032264,140
1058,-7.66505717916,-9.09331217653,387
1059,-0.931487736281,-3.40215443195,426
1060,4.96642785527,-10.3458008825,475
1061,-9.22658111587,7.89816525438,18
1062,-12.0312531542,-6.61361966343,347
1063,-6.04986813348,-5.70531545398,411
1064,-4.40514735612,-9.74359689254,162
1065,-1.63574006314,6.182955442,3
1066,-6.53978035954,-7.54542156074,340
1067,3.22828716001,9.36701779928,183
1068,-10.6120085157,-1.09445729203,102
1069,-1.38011498274,4.13811807365,345
1070,-11.6028836294,-4.8200597597,142
1071,1.40758298956,-1.77472616084,395
1072,7.01686977208,-3.09631644605,http://www.siemens.com/ontology/demonstrator#Current
1073,-3.20051557932,-7.11901701861,247
1074,2.90530958077,-10.9964082808,335
1075,4.35859132375,11.9172816259,http://www.siemens.com/ontology/demonstrator#Switch
1076,0.40667227668,6.85121272426,462
1077,0.318772989384,-7.76548955088,405
1078,-2.27785486333,4.99585920445,431
1079,-6.61067896976,-1.89851387555,http://www.siemens.com/ontology/demonstrator#EquipmentProperty
1080,-4.07097669093,7.04649670904,467
1081,-8.96500090327,-3.55867950169,110
1082,3.74098243915,11.7091035116,434
1083,5.18363849472,-5.05197371249,309
1084,-1.22085330321,-10.1095285919,http://www.siemens.com/ontologies/amberg#M110_Zaehler_ARO
1085,-7.17874144063,-4.52153600338,35
1086,3.90960377895,-6.19495070767,312
1087,0.982532457415,7.33118595686,308
1088,-4.96561589218,-8.40584226231,334
1089,4.84907845875,5.15277638662,302
1090,7.72081180679,-9.24330504498,277
1091,6.28831394959,5.6855606698,519
1092,-5.84023372768,12.2801243464,8
1093,-2.51615095668,-11.5012030762,295
1094,-6.34813462856,0.646615253648,101
1095,-6.80050635953,10.2089764262,http://www.siemens.com/ontology/demonstrator#Power
1096,-1.80656066421,1.79591324374,6
1097,-4.00877525924,9.55762288909,108
1098,-11.63174133,-8.43777986466,376
1099,2.30663480038,14.6154741966,500
1100,6.71134085065,-4.66601443674,38
1101,-5.40366432856,-6.9743578309,296
1102,6.39593153619,0.211581104332,349
1103,1.97660703523,7.09112109582,544
1104,7.65762363799,-7.54335883638,127
1105,6.57345146629,-2.49528514103,514
1106,0.546759220395,3.08319509476,244
1107,-2.12461189347,-5.1276017325,487
1108,7.40247556416,-2.62555165692,112
1109,-6.16328693208,12.8999344375,205
1110,-1.68277036052,-8.50975262834,297
1111,-8.15978991441,-7.46126732255,384
1112,1.83285879837,-3.60463937801,383
1113,4.12554286103,-0.202751475293,528
1114,-6.77921017598,-6.67301489889,310
1115,3.2328630388,-10.9304896999,123
1116,2.24019223593,10.4760001164,105
1117,-0.709165038396,-5.49322251255,517
1118,9.31025528234,-9.70756074241,292
1119,-8.08443208714,-12.0657904431,17
1120,-0.581169669436,2.64741245496,289
1121,-7.06253880936,3.66056137699,259
1122,1.07686658269,-9.96806470041,45
1123,7.85660019324,1.66292357556,167
1124,-14.3372870698,3.84077445313,186
1125,6.9123524621,5.10038858209,474
1126,-8.35346415014,-12.0321517087,293
1127,7.79301542756,-12.421784212,9
1128,-5.67347890954,-1.16306692663,39
1129,9.85565477771,-3.9739051623,360
1130,3.38273804975,7.66253237161,413
1131,9.40433907625,1.66776533201,271
1132,0.485004198606,-2.34612993347,515
1133,11.0317111443,-0.337184330901,195
1134,10.8144867497,7.42958984053,269
1135,-8.32825642255,-3.15361829327,97
1136,3.4359196135,-7.22546184915,286
1137,-10.6671156182,6.90312642149,339
1138,-11.6128359158,8.95709242771,409
1139,-9.53709450438,-9.24688924939,373
1140,8.54724689985,-7.13399392253,95
1141,3.89583195631,-6.17968062201,2
1142,-1.10570858806,-6.62538255146,391
1143,9.23644471249,-6.19305751276,499
1144,4.41072575514,5.21475703714,317
1145,-1.65897753454,0.886997289823,361
1146,-3.27248023396,-8.4236753229,531
1147,0.402850749995,4.21980145306,377
1148,1.5212610662,14.1576716673,62
1149,-8.09008128747,3.71234416018,324
1150,-10.6155054787,-1.05851408051,400
1151,0.732778208995,0.208689146272,351
1152,2.28319678268,1.67635267903,525
1153,-3.61176814347,-10.186597728,54
1154,-9.83070414222,-7.53662585418,280
1155,9.49617147241,8.88187105917,418
1156,6.85089593982,1.05349262995,15
1157,-7.5062479682,-5.97917672188,287
1158,-4.8104569202,0.549822735656,300
1159,-4.19995109549,4.02513856022,343
1160,-8.34797820392,-0.211062745926,422
1161,3.05036586382,-12.4347313586,185
1162,9.27242379488,4.9542083134,7
1163,7.57697300821,-7.90500614527,536
1164,1.55759370018,-5.78683811057,19
1165,6.19075007897,1.96906118007,369
1166,3.67449340241,6.24312647974,279
1167,-6.82150580155,4.98440343917,264
1168,2.33045659469,1.81935252228,120
